title,length_mm,width_mm,image_name,page,image_object,source_width_px,source_height_px,output_width_px,output_height_px,aspect_delta_pct,extraction_method,warnings
GOLD-03,600,1200,p003_001_GOLD-03_0c94ccd9.png,3,Im206,382,756,607,1200,1.216,embedded,
GOLD-09,600,1200,p003_002_GOLD-09_7d5f6f5d.png,3,Im208,382,756,607,1200,1.474,embedded,
GOLD-02,600,1200,p003_003_GOLD-02_61836f20.png,3,Im210,382,756,607,1200,1.184,embedded,
GOLD-20,600,1200,p003_004_GOLD-20_e796e0d7.png,3,Im234,382,756,607,1200,1.184,embedded,
GOLD-21,600,1200,p003_005_GOLD-21_339f5f60.png,3,Im236,382,756,607,1200,1.184,embedded,
GOLD-13,600,1200,p003_006_GOLD-13_9349b50c.png,3,Im238,382,756,607,1200,1.184,embedded,
EL-7012,600,1200,p004_001_EL-7012_c91ec2f4.png,4,Im246,382,756,607,1200,1.441,embedded,
EL-7007,600,1200,p004_002_EL-7007_7b68eed1.png,4,Im248,382,756,607,1200,1.441,embedded,
EL-7002,600,1200,p004_003_EL-7002_af533ecb.png,4,Im250,382,755,608,1200,1.372,embedded,
EL-7021,600,1200,p004_004_EL-7021_311edaa1.png,4,Im252,382,755,608,1200,1.372,embedded,
EL-7020,600,1200,p004_005_EL-7020_bd43a38a.png,4,Im254,382,755,608,1200,1.372,embedded,
EL-7016,600,1200,p004_006_EL-7016_95a63d67.png,4,Im256,382,755,608,1200,1.339,embedded,
ETHOPIA BLUE,600,1200,p004_007_ETHOPIA_BLUE_d4b71b82.png,4,Im258,382,755,608,1200,1.339,embedded,
ESTILA CREMA,600,1200,p004_008_ESTILA_CREMA_809ce15b.png,4,Im260,382,755,608,1200,1.597,embedded,
ISLAND GREY,600,1200,p004_009_ISLAND_GREY_a2effc00.png,4,Im262,382,756,607,1200,1.184,embedded,
VOLCANO WHITE,600,1200,p004_010_VOLCANO_WHITE_8753a19d.png,4,Im264,382,756,607,1200,1.441,embedded,
SAFARI,600,1200,p004_011_SAFARI_4320f4a2.png,4,Im266,382,756,607,1200,1.183,embedded,
GOLD-28,600,1200,p004_012_GOLD-28_e83066e2.png,4,Im268,756,382,1200,607,1.216,embedded,
CORAL AQUA,600,1200,p005_001_CORAL_AQUA_01fae7da.png,5,Im275,382,756,607,1200,1.47,embedded,
CORAL AQUA DECORE,600,1200,p005_002_CORAL_AQUA_DECORE_ac6903db.png,5,Im277,382,756,607,1200,1.217,embedded,
ARMANI ALMOND,600,1200,p005_003_ARMANI_ALMOND_f8b9e783.png,5,Im279,382,755,608,1200,1.339,embedded,
ARMANI GREY,600,1200,p005_004_ARMANI_GREY_ba65e92e.png,5,Im281,382,755,608,1200,1.339,embedded,
ARMANI GRIS,600,1200,p005_005_ARMANI_GRIS_1e4c754e.png,5,Im283,382,755,608,1200,1.339,embedded,
AVORIO ONYX,600,1200,p005_006_AVORIO_ONYX_4d9d749a.png,5,Im285,382,755,608,1200,1.597,embedded,
ARMANI BEIGE,600,1200,p005_007_ARMANI_BEIGE_85331ccc.png,5,Im287,382,755,608,1200,1.339,embedded,
CARAMAL BIANCO,600,1200,p005_008_CARAMAL_BIANCO_b8bed278.png,5,Im289,382,755,608,1200,1.339,embedded,
3D-126,600,1200,p006_001_3D-126_b25d6a8e.png,6,Im296,1071,536,1200,601,0.133,embedded,
ARBESCATO WHITE,600,1200,p006_002_ARBESCATO_WHITE_ee5d3c3e.png,6,Im297,536,1071,601,1200,0.167,embedded,
3D-121,600,1200,p006_003_3D-121_bda098cc.png,6,Im299,536,1071,601,1200,0.167,embedded,
3D-130-A,600,1200,p006_004_3D-130-A_87e40786.png,6,Im301,536,1071,601,1200,0.167,embedded,
3D-130-B,600,1200,p006_005_3D-130-B_2e9c6d76.png,6,Im303,536,1071,601,1200,0.167,embedded,
3D-130,600,1200,p006_006_3D-130_bc8673bb.png,6,Im305,536,1071,601,1200,0.167,embedded,
3D-111,600,1200,p007_001_3D-111_dc461544.png,7,Im312,536,1071,601,1200,0.167,embedded,
3D-115,600,1200,p007_002_3D-115_55669d4e.png,7,Im314,536,1071,601,1200,0.167,embedded,
3D-101,600,1200,p007_003_3D-101_d0062c13.png,7,Im316,536,1071,601,1200,0.167,embedded,
BLUE LAVA,600,1200,p008_001_BLUE_LAVA_87935782.png,8,Im338,383,757,608,1200,1.241,embedded,
COVELANO BLUE,600,1200,p008_002_COVELANO_BLUE_148f7c6f.png,8,Im340,382,756,607,1200,1.184,embedded,
APOLLO BLACK,600,1200,p008_003_APOLLO_BLACK_9a32a371.png,8,Im342,382,756,607,1200,1.212,embedded,
ONYX TEAL,600,1200,p008_004_ONYX_TEAL_ca246e8a.png,8,Im352,382,756,607,1200,1.474,embedded,
MASTON TEAL BLUE,600,1200,p008_005_MASTON_TEAL_BLUE_bb727399.png,8,Im354,382,756,607,1200,1.474,embedded,
MYSTERIOUS BLUE,600,1200,p008_006_MYSTERIOUS_BLUE_ba768098.png,8,Im356,382,756,607,1200,1.216,embedded,
GOLDEN BORDEAUX,600,1200,p008_007_GOLDEN_BORDEAUX_3844f4da.png,8,Im358,382,756,607,1200,1.212,embedded,
GRANITE BLACK,600,1200,p008_008_GRANITE_BLACK_aa4f5bf7.png,8,Im360,382,756,607,1200,1.212,embedded,
GOLDEN BLACK,600,1200,p008_009_GOLDEN_BLACK_e8be09bd.png,8,Im362,382,756,607,1200,1.212,embedded,
BM-9019,600,1200,p009_001_BM-9019_0d33eafe.png,9,Im377,343,677,608,1200,1.216,embedded,
BM-9018,600,1200,p009_002_BM-9018_c347e351.png,9,Im393,343,677,608,1200,1.217,embedded,
KING PANDA,600,1200,p010_001_KING_PANDA_f49ead7e.png,10,Im414,677,343,1200,608,1.216,embedded,
TINSEL GOLD,600,1200,p010_002_TINSEL_GOLD_9e85c341.png,10,Im429,382,756,607,1200,1.217,embedded,
Z BLACK,600,1200,p010_003_Z_BLACK_d914c5af.png,10,Im432,382,756,607,1200,1.216,embedded-indexed,
FLORAL MOSIACO DECORE,600,1200,p010_004_FLORAL_MOSIACO_DECORE_adcf5e47.png,10,Im434,382,756,607,1200,1.441,embedded,
FLORAL BLACK DECORE,600,1200,p010_005_FLORAL_BLACK_DECORE_eb324130.png,10,Im436,382,756,607,1200,1.184,embedded,
MONSTER LEAVE,600,1200,p010_006_MONSTER_LEAVE_71d3d8cb.png,10,Im438,382,756,607,1200,1.183,embedded,
EL-506,600,1200,p011_001_EL-506_29eeba01.png,11,Im445,756,382,1200,607,1.216,embedded,
EL-507,600,1200,p011_002_EL-507_f4ae8e96.png,11,Im447,756,382,1200,607,1.216,embedded,
EL-503,600,1200,p011_003_EL-503_10e6c32f.png,11,Im450,756,382,1200,607,1.216,embedded,
BRECIA BEIGE,600,1200,p011_004_BRECIA_BEIGE_2830ad44.png,11,Im452,756,382,1200,607,1.216,embedded,
CARRARA BLUE,600,1200,p011_005_CARRARA_BLUE_091d2ec7.png,11,Im454,756,382,1200,607,1.216,embedded,
ALASKA BIANCO,600,1200,p011_006_ALASKA_BIANCO_5eb111af.png,11,Im456,756,382,1200,607,1.216,embedded,
CONT BRECIA CREMA,600,1200,p012_001_CONT_BRECIA_CREMA_e131f056.png,12,Im486,756,382,1200,607,1.216,embedded,
CONT KOLKATTA GOLD,600,1200,p012_002_CONT_KOLKATTA_GOLD_8a19e1ad.png,12,Im488,756,382,1200,607,1.216,embedded,
CONT LAPIS WHITE,600,1200,p012_003_CONT_LAPIS_WHITE_6397319e.png,12,Im490,756,382,1200,607,1.216,embedded,
ICELAND SATVARIO,600,1200,p012_004_ICELAND_SATVARIO_341d04e8.png,12,Im493,756,382,1200,607,1.216,embedded,
EDEN GOLD,600,1200,p012_005_EDEN_GOLD_703fdca3.png,12,Im495,756,382,1200,607,1.216,embedded,
SUPER WHITE,600,1200,p012_006_SUPER_WHITE_11a2953e.png,12,Im498,757,382,1200,606,1.046,embedded-indexed,
ALFA GOLD,600,1200,p013_001_ALFA_GOLD_a0c768aa.png,13,Im526,382,756,607,1200,1.216,embedded,
COLORE SATVARIO,600,1200,p013_002_COLORE_SATVARIO_5171a8bb.png,13,Im528,382,756,607,1200,1.216,embedded,
GEOMATRIC GOLD,600,1200,p013_003_GEOMATRIC_GOLD_69b4f472.png,13,Im530,382,756,607,1200,1.216,embedded,
MONOLITH AQWA,600,1200,p013_004_MONOLITH_AQWA_d758963e.png,13,Im532,382,756,607,1200,1.216,embedded,
W MULTI SATVARIO,600,1200,p013_005_W_MULTI_SATVARIO_d463b06f.png,13,Im534,382,756,607,1200,1.216,embedded,
SPECIFIC GOLD,600,1200,p013_006_SPECIFIC_GOLD_8b8edb33.png,13,Im536,382,756,607,1200,1.216,embedded,
PEACOCK GOLD,600,1200,p013_007_PEACOCK_GOLD_f8dc2fb3.png,13,Im539,382,756,607,1200,1.216,embedded,
CRYSTAL WHITE,600,1200,p014_001_CRYSTAL_WHITE_0dddbfc2.png,14,Im569,756,382,1200,607,1.216,embedded,
CRYSTAL MELODY,600,1200,p014_002_CRYSTAL_MELODY_1fdd8c8d.png,14,Im571,757,382,1200,606,1.074,embedded,
CRYSTAL BEIGE,600,1200,p014_003_CRYSTAL_BEIGE_d2b3d141.png,14,Im573,757,382,1200,606,1.074,embedded,
CRYSTAL PISTA,600,1200,p014_004_CRYSTAL_PISTA_751afa33.png,14,Im575,756,382,1200,607,1.192,embedded,
CRYSTAL CARBON (DARK),600,1200,p014_005_CRYSTAL_CARBON_DARK_390975e5.png,14,Im577,757,382,1200,606,1.074,embedded,
CRYSTAL SMOKE,600,1200,p014_006_CRYSTAL_SMOKE_58d7f599.png,14,Im579,757,382,1200,606,1.074,embedded,
CRYSTAL GOLD,600,1200,p014_007_CRYSTAL_GOLD_bf81e700.png,14,Im581,756,382,1200,607,1.216,embedded,
PRISM CREMA,600,1200,p015_001_PRISM_CREMA_8122d8ec.png,15,Im596,756,382,1200,607,1.216,embedded,
PRISM FINT,600,1200,p015_002_PRISM_FINT_46150c1c.png,15,Im598,757,382,1200,606,1.048,embedded,
PRISM WHITE,600,1200,p015_003_PRISM_WHITE_fa071522.png,15,Im600,758,382,1200,605,0.958,embedded,
ARIZONA GOLD,600,1200,p015_004_ARIZONA_GOLD_49d87d2b.png,15,Im602,382,756,607,1200,1.217,embedded,
ARIZONA WHITE,600,1200,p015_005_ARIZONA_WHITE_f7e2869b.png,15,Im603,381,756,605,1200,0.951,embedded,
DELTA WHITE,600,1200,p015_006_DELTA_WHITE_e6bbcfa3.png,15,Im609,756,382,1200,607,1.116,embedded,
DELTA GOLD,600,1200,p015_007_DELTA_GOLD_272b70c6.png,15,Im611,757,382,1200,606,0.973,embedded,
DELTA VOLCANO,600,1200,p015_008_DELTA_VOLCANO_fb674558.png,15,Im613,756,382,1200,607,1.116,embedded,
DELTA NEON,600,1200,p015_009_DELTA_NEON_08a295c1.png,15,Im615,757,382,1200,606,1.02,embedded,
DELTA GREY,600,1200,p015_010_DELTA_GREY_503a578a.png,15,Im617,757,382,1200,606,0.973,embedded,
ABSTRACT BLUE,600,1200,p016_001_ABSTRACT_BLUE_a8564ffe.png,16,Im625,756,382,1200,607,1.216,embedded,
ATHENA AQUA GOLD,600,1200,p016_002_ATHENA_AQUA_GOLD_e2607d6b.png,16,Im627,756,382,1200,607,1.216,embedded,
ATHENA BLUE GOLD,600,1200,p016_003_ATHENA_BLUE_GOLD_bb782e84.png,16,Im629,756,382,1200,607,1.217,embedded,
BENTLEY AQUA,600,1200,p016_004_BENTLEY_AQUA_8646a621.png,16,Im632,756,382,1200,607,1.216,embedded,
FURRY AZURE,600,1200,p016_005_FURRY_AZURE_4b6e4fdf.png,16,Im634,756,382,1200,607,1.217,embedded,
DIAMOND GREEN,600,1200,p016_006_DIAMOND_GREEN_54bd518c.png,16,Im636,756,382,1200,607,1.216,embedded,
REDICAL PISTA,600,1200,p017_001_REDICAL_PISTA_35883fa0.png,17,Im644,756,382,1200,607,1.216,embedded,
PEARL GOLD,600,1200,p017_002_PEARL_GOLD_12cff8c6.png,17,Im646,756,382,1200,607,1.216,embedded,
GORGEOUS AQUA,600,1200,p017_003_GORGEOUS_AQUA_36d2db75.png,17,Im648,756,382,1200,607,1.216,embedded,
REDICAL SKY,600,1200,p017_004_REDICAL_SKY_4e527f10.png,17,Im651,756,382,1200,607,1.216,embedded,
WILD GREEN GOLD,600,1200,p017_005_WILD_GREEN_GOLD_5cd4ed72.png,17,Im653,756,382,1200,607,1.217,embedded,
WAVY GOLD,600,1200,p017_006_WAVY_GOLD_e0317418.png,17,Im655,756,382,1200,607,1.216,embedded,
ADDISON SKY,600,1200,p018_001_ADDISON_SKY_65fe4aeb.png,18,Im663,756,382,1200,607,1.214,embedded,
ALTA BEIGE,600,1200,p018_002_ALTA_BEIGE_01052248.png,18,Im665,755,382,1200,608,1.357,embedded,
ASTON GOLD,600,1200,p018_003_ASTON_GOLD_3c272ba3.png,18,Im667,756,382,1200,607,1.214,embedded,
ITALIC AQUA,600,1200,p018_004_ITALIC_AQUA_21ce771b.png,18,Im670,756,382,1200,607,1.214,embedded,
GALAXY AQUA,600,1200,p018_005_GALAXY_AQUA_431bc01f.png,18,Im672,756,382,1200,607,1.214,embedded,
GRAVEL GREEN,600,1200,p018_006_GRAVEL_GREEN_e94204f3.png,18,Im674,756,382,1200,607,1.214,embedded,
MACABUS GOLD,600,1200,p019_001_MACABUS_GOLD_f9153a09.png,19,Im682,756,382,1200,607,1.214,embedded,
MANGUS WHITE,600,1200,p019_002_MANGUS_WHITE_aa5559f4.png,19,Im684,756,382,1200,607,1.214,embedded,
STATUARIO ANTONIO,600,1200,p019_003_STATUARIO_ANTONIO_66ff0434.png,19,Im686,756,382,1200,607,1.214,embedded,
CRYSTAL AQUA,600,1200,p019_004_CRYSTAL_AQUA_53240cc4.png,19,Im689,756,382,1200,607,1.216,embedded,
ARISTON AQUA,600,1200,p019_005_ARISTON_AQUA_2042da5e.png,19,Im690,756,382,1200,607,1.216,embedded,
CAROLINA REGALLIA,600,1200,p020_001_CAROLINA_REGALLIA_181c46a8.png,20,Im697,756,382,1200,607,1.214,embedded,
CAROLINA REGALLIA DEOCR (PUNCH),600,1200,p020_002_CAROLINA_REGALLIA_DEOCR_PUNCH_568131c7.png,20,Im699,756,382,1200,607,1.214,embedded,
CLASSIC AURORA,600,1200,p020_003_CLASSIC_AURORA_cec46102.png,20,Im701,756,382,1200,607,1.214,embedded,
NORDIC BLUE,600,1200,p020_004_NORDIC_BLUE_26f2f0a5.png,20,Im704,756,382,1200,607,1.214,embedded,
DELICE NATURAL,600,1200,p020_005_DELICE_NATURAL_67814e94.png,20,Im706,756,382,1200,607,1.214,embedded,
MAJESTIC GOLD,600,1200,p020_006_MAJESTIC_GOLD_d9f79308.png,20,Im708,756,382,1200,607,1.214,embedded,
OAK WOOD DARK (PUNCH),600,1200,p021_001_OAK_WOOD_DARK_PUNCH_575d8f5d.png,21,Im728,756,382,1200,607,1.214,embedded,
OAK WOOD PINE (PUNCH),600,1200,p021_002_OAK_WOOD_PINE_PUNCH_53194652.png,21,Im730,756,382,1200,607,1.214,embedded,
OLIVO GOLDEN,600,1200,p021_003_OLIVO_GOLDEN_e95fae79.png,21,Im733,756,382,1200,607,1.214,embedded,
OLEVIA SMOKE,600,1200,p021_004_OLEVIA_SMOKE_56e553bb.png,21,Im735,757,382,1200,606,1.143,embedded,
OLEVIA GREY,600,1200,p021_005_OLEVIA_GREY_6bdbab39.png,21,Im737,757,382,1200,606,1.143,embedded,
OLIVO BEIGE,600,1200,p021_006_OLIVO_BEIGE_71251b6a.png,21,Im739,756,382,1200,607,1.214,embedded,
PARADISE LOTUS,600,1200,p022_001_PARADISE_LOTUS_49ecc0ba.png,22,Im752,1071,535,1202,600,0.029,embedded,
SHELLY BLANDFORD,600,1200,p022_002_SHELLY_BLANDFORD_735227e8.png,22,Im754,1071,535,1202,600,0.029,embedded,
PARADISE GREY,600,1200,p022_003_PARADISE_GREY_3616ccb4.png,22,Im756,1071,535,1202,600,0.029,embedded,
8020,600,1200,p023_001_8020_47d509ff.png,23,Im769,756,382,1200,607,1.214,embedded,
8015-DECORE,600,1200,p023_002_8015-DECORE_14a502d4.png,23,Im771,756,382,1200,607,1.214,embedded,
8008-L,600,1200,p023_003_8008-L_2af2ac11.png,23,Im773,756,382,1200,607,1.214,embedded,
8029-DECORE,600,1200,p023_004_8029-DECORE_f1f491f9.png,23,Im776,756,382,1200,607,1.214,embedded,
8022,600,1200,p023_005_8022_ffcee362.png,23,Im778,756,382,1200,607,1.214,embedded,
8023-DECORE,600,1200,p023_006_8023-DECORE_58703964.png,23,Im780,756,382,1200,607,1.214,embedded,
8032,600,1200,p024_001_8032_560a9198.png,24,Im793,756,382,1200,607,1.214,embedded,
8036-DECORE,600,1200,p024_002_8036-DECORE_7e4bdf22.png,24,Im795,756,382,1200,607,1.214,embedded,
8037-DECORE,600,1200,p024_003_8037-DECORE_d13cf2ac.png,24,Im797,756,382,1200,607,1.214,embedded,
8044-DECORE,600,1200,p024_004_8044-DECORE_c6938103.png,24,Im800,756,382,1200,607,1.214,embedded,
8046-DECORE,600,1200,p024_005_8046-DECORE_6af9e069.png,24,Im802,756,382,1200,607,1.214,embedded,
KEMPAS,200,1000,p025_001_KEMPAS_b6a00f20.png,25,Im809,1071,214,1071,214,0.017,embedded,
MAHOGONY,200,1000,p025_002_MAHOGONY_5d5830e0.png,25,Im811,1071,214,1071,214,0.017,embedded,
TEAK,200,1000,p025_003_TEAK_4b6de7fe.png,25,Im813,1071,214,1071,214,0.017,embedded,
RICH WOOD-D,200,1000,p025_004_RICH_WOOD-D_326d8fad.png,25,Im816,1071,214,1071,214,0.017,embedded,
RICH WOOD-HL,200,1000,p025_005_RICH_WOOD-HL_e66495fa.png,25,Im818,1071,214,1071,214,0.016,embedded,
WENGE WOOD,200,1000,p025_006_WENGE_WOOD_26f7feff.png,25,Im820,1071,214,1071,214,0.017,embedded,
10009,200,1000,p026_001_10009_c786c9e7.png,26,Im836,1071,214,1071,214,0.017,embedded,
10012,200,1000,p026_002_10012_dd9afb55.png,26,Im838,1071,214,1071,214,0.017,embedded,
BISCUIT,200,1000,p026_003_BISCUIT_6d922e5e.png,26,Im840,1071,214,1071,214,0.017,embedded,
CORBETT GREY,200,1000,p026_004_CORBETT_GREY_af95924c.png,26,Im843,1071,214,1071,214,0.017,embedded,
CORBETT WHITE,200,1000,p026_005_CORBETT_WHITE_7e5e39f6.png,26,Im845,1071,214,1071,214,0.017,embedded,
JACOBEAN,200,1000,p026_006_JACOBEAN_47f67861.png,26,Im847,1071,214,1071,214,0.017,embedded,
ANTONIA,600,600,p027_001_ANTONIA_23ab758c.png,27,Im862,461,461,600,600,0.0,embedded,
BIANCO,600,600,p027_002_BIANCO_58ff10fc.png,27,Im864,461,461,600,600,0.0,embedded,
WOODLAND,600,600,p027_003_WOODLAND_47afdc57.png,27,Im866,461,461,600,600,0.0,embedded,
IVORY,600,600,p027_004_IVORY_61474c32.png,27,Im869,461,461,600,600,0.0,embedded-indexed,
BAVEL,600,600,p027_005_BAVEL_21460ade.png,27,Im871,461,461,600,600,0.0,embedded,
RIO CAMEL,600,600,p027_006_RIO_CAMEL_6b2e3006.png,27,Im873,462,462,600,600,0.0,embedded,
RIO MINT,600,600,p027_007_RIO_MINT_024cdb41.png,27,Im875,462,462,600,600,0.0,embedded,
RIO CREMA,600,600,p027_008_RIO_CREMA_fc1aeceb.png,27,Im877,462,462,600,600,0.0,embedded,
RIO GRIS,600,600,p027_009_RIO_GRIS_5cdd510e.png,27,Im879,462,462,600,600,0.0,embedded,
RIO WHITE,600,600,p027_010_RIO_WHITE_595eda4d.png,27,Im881,462,462,600,600,0.0,embedded,
ROCK ASH,600,600,p028_001_ROCK_ASH_1f2dcbe2.png,28,Im890,462,462,600,600,0.0,embedded,
ROCK BEIGE,600,600,p028_002_ROCK_BEIGE_07054955.png,28,Im892,462,462,600,600,0.0,embedded,
ROCK BLUE,600,600,p028_003_ROCK_BLUE_0bdd1dc3.png,28,Im894,462,462,600,600,0.0,embedded,
ROCK WINE,600,600,p028_004_ROCK_WINE_d7adfc56.png,28,Im896,462,462,600,600,0.0,embedded,
ONYX WHITE,600,600,p028_005_ONYX_WHITE_092f20ad.png,28,Im898,462,462,600,600,0.0,embedded,
ONYX PISTA,600,600,p028_006_ONYX_PISTA_03470e2b.png,28,Im900,462,462,600,600,0.085,embedded,
ONYX WONDER,600,600,p028_007_ONYX_WONDER_b387a6ce.png,28,Im902,462,462,600,600,0.085,embedded,
ONYX ASH,600,600,p028_008_ONYX_ASH_6f1d6c39.png,28,Im904,462,461,602,600,0.256,embedded,
MATRIX PINK,600,600,p029_001_MATRIX_PINK_8b13a609.png,29,Im912,461,461,600,600,0.0,embedded,
MATRIX MAJESTIC (DARK),600,600,p029_002_MATRIX_MAJESTIC_DARK_fb4ddfd6.png,29,Im914,462,461,602,600,0.085,embedded,
MATRIX BLACK (DARK),600,600,p029_003_MATRIX_BLACK_DARK_59741991.png,29,Im916,461,461,600,600,0.0,embedded,
MATRIX CREMA,600,600,p029_004_MATRIX_CREMA_8347942c.png,29,Im918,462,461,602,600,0.085,embedded,
MATRIX STONE,600,600,p029_005_MATRIX_STONE_af293869.png,29,Im921,462,462,600,600,0.085,embedded,
MATRIX WHITE,600,600,p029_006_MATRIX_WHITE_ba03fddc.png,29,Im923,462,462,600,600,0.0,embedded,
MATRIX ASH,600,600,p029_007_MATRIX_ASH_78330a37.png,29,Im925,462,462,600,600,0.0,embedded,
MATRIX BRONZE,600,600,p029_008_MATRIX_BRONZE_f264dede.png,29,Im927,462,462,600,600,0.0,embedded,
MATRIX CADBURY,600,600,p029_009_MATRIX_CADBURY_a8588e10.png,29,Im929,462,462,600,600,0.0,embedded,
MATRIX SHAPPHIRE,600,600,p029_010_MATRIX_SHAPPHIRE_d3284f66.png,29,Im931,462,462,600,600,0.0,embedded,
MATRIX GOLD,600,600,p029_011_MATRIX_GOLD_3380e487.png,29,Im933,462,462,600,600,0.085,embedded,
MATRIX PISTA,600,600,p029_012_MATRIX_PISTA_29a4fad2.png,29,Im935,462,462,600,600,0.0,embedded,
DC WHITE,600,600,p030_001_DC_WHITE_fed3ed96.png,30,Im943,462,462,600,600,0.0,embedded,
DC ASH,600,600,p030_002_DC_ASH_7ce926e3.png,30,Im945,461,461,600,600,0.0,embedded,
DC PISTA,600,600,p030_003_DC_PISTA_f44b76f5.png,30,Im947,462,462,600,600,0.0,embedded,
DC BEIGE,600,600,p030_004_DC_BEIGE_2b0ec0c9.png,30,Im949,462,462,600,600,0.0,embedded,
NOVA WOOD,600,600,p031_001_NOVA_WOOD_2b52cb87.png,31,Im957,461,461,600,600,0.0,embedded,
NOVA CARBON,600,600,p031_002_NOVA_CARBON_11ea69e6.png,31,Im965,461,461,600,600,0.0,embedded,
NOVA CEMENTO,600,600,p031_003_NOVA_CEMENTO_54cabb47.png,31,Im966,461,461,600,600,0.0,embedded,
NOVA CREMA,600,600,p031_004_NOVA_CREMA_71dc251f.png,31,Im968,461,461,600,600,0.0,embedded,
NOVA MOON WHITE,600,600,p031_005_NOVA_MOON_WHITE_e2831560.png,31,Im969,461,461,600,600,0.0,embedded,
CITRINE BURST,600,600,p032_001_CITRINE_BURST_b129bea5.png,32,Im982,461,461,600,600,0.0,embedded,
DIAMOND BLUE,600,600,p032_002_DIAMOND_BLUE_d3c7bf1e.png,32,Im984,461,461,600,600,0.0,embedded,
MARIAN MINT,600,600,p032_003_MARIAN_MINT_2f61332e.png,32,Im986,461,461,600,600,0.0,embedded,
TOPAZ SILVER,600,600,p032_004_TOPAZ_SILVER_ced091d2.png,32,Im988,461,461,600,600,0.0,embedded,
IRISH MOSS,600,600,p032_005_IRISH_MOSS_c7d0c326.png,32,Im990,461,461,600,600,0.0,embedded,
FOREST FERN,600,600,p032_006_FOREST_FERN_e74bc3c7.png,32,Im993,461,461,600,600,0.0,embedded,
THUMB BLACK,600,600,p032_007_THUMB_BLACK_c41b5352.png,32,Im995,461,461,600,600,0.0,embedded,
URBAN AQUA,600,600,p032_008_URBAN_AQUA_57c36160.png,32,Im997,461,461,600,600,0.0,embedded,
10296,600,600,p033_001_10296_cd51d7cf.png,33,Im1005,462,462,600,600,0.0,embedded,
10300,600,600,p033_002_10300_4c7648b3.png,33,Im1007,462,462,600,600,0.0,embedded,
20008,600,600,p033_003_20008_ff27da05.png,33,Im1009,462,462,600,600,0.0,embedded,
20013,600,600,p033_004_20013_2d396c24.png,33,Im1011,462,462,600,600,0.0,embedded,
20041,600,600,p033_005_20041_e3366509.png,33,Im1013,462,462,600,600,0.0,embedded,
20068,600,600,p033_006_20068_5071a111.png,33,Im1015,462,462,600,600,0.0,embedded,
10153,600,600,p033_007_10153_7d848355.png,33,Im1017,462,462,600,600,0.0,embedded,
10152,600,600,p033_008_10152_ebc45fcc.png,33,Im1019,462,462,600,600,0.0,embedded,
10144,600,600,p033_009_10144_9983c325.png,33,Im1021,462,462,600,600,0.0,embedded,
10122,600,600,p033_010_10122_5c87334d.png,33,Im1023,462,462,600,600,0.0,embedded,
10132,600,600,p033_011_10132_3a050342.png,33,Im1025,462,462,600,600,0.0,embedded,
10285,600,600,p033_012_10285_5a6c673e.png,33,Im1028,462,462,600,600,0.0,embedded,
PLAIN WHITE-MATT,600,600,p034_001_PLAIN_WHITE-MATT_30dd7371.png,34,Im1037,462,462,600,600,0.0,embedded-indexed,
IVORY-MATT,600,600,p034_002_IVORY-MATT_3dc025ea.png,34,Im1040,462,462,600,600,0.0,embedded-indexed,
55006,600,600,p034_003_55006_dd4a1e05.png,34,Im1042,461,461,600,600,0.0,embedded,
TIMBER WOOD-503,600,600,p034_004_TIMBER_WOOD-503_3ac3cdaa.png,34,Im1043,462,462,600,600,0.0,embedded,
TIMBER WOOD-515,600,600,p034_005_TIMBER_WOOD-515_7e9bcf17.png,34,Im1045,462,462,600,600,0.0,embedded,
TIMBER WOOD-514,600,600,p034_006_TIMBER_WOOD-514_c58ca410.png,34,Im1047,462,462,600,600,0.0,embedded,
35015,600,600,p034_007_35015_ff6afc6e.png,34,Im1049,462,462,600,600,0.0,embedded,
35017,600,600,p034_008_35017_ed045f36.png,34,Im1051,462,462,600,600,0.0,embedded,
50106,600,600,p034_009_50106_f70fa756.png,34,Im1053,462,462,600,600,0.0,embedded,
20088,600,600,p034_010_20088_d1c93842.png,34,Im1057,462,462,600,600,0.0,embedded,
35001,600,600,p034_011_35001_53f48ecb.png,34,Im1059,462,462,600,600,0.0,embedded,
3051,600,600,p034_012_3051_50250fe0.png,34,Im1061,462,462,600,600,0.0,embedded,
471,600,600,p035_001_471_063e4026.png,35,Im1068,461,461,600,600,0.0,embedded,
496,600,600,p035_002_496_c02abf41.png,35,Im1070,461,461,600,600,0.0,embedded,
987,600,600,p035_003_987_201c1a85.png,35,Im1072,461,461,600,600,0.0,embedded,
993,600,600,p035_004_993_49ef7f4f.png,35,Im1074,461,461,600,600,0.0,embedded,
311,600,600,p035_005_311_e45500d0.png,35,Im1077,461,461,600,600,0.0,embedded,
313,600,600,p035_006_313_40410c3f.png,35,Im1079,461,461,600,600,0.0,embedded,
335,600,600,p035_007_335_36fe7c8f.png,35,Im1081,461,461,600,600,0.0,embedded,
339,600,600,p035_008_339_abc1fa76.png,35,Im1083,461,461,600,600,0.0,embedded,
346,600,600,p035_009_346_fd16f002.png,35,Im1085,461,461,600,600,0.0,embedded,
348,600,600,p035_010_348_30cc351a.png,35,Im1087,461,461,600,600,0.0,embedded,
S-80003,600,600,p036_001_S-80003_4aa2e067.png,36,Im1123,462,462,600,600,0.0,embedded,
S-80011,600,600,p036_002_S-80011_b235dc5e.png,36,Im1125,462,462,600,600,0.0,embedded,
S-80063,600,600,p036_003_S-80063_ff87ef67.png,36,Im1127,462,462,600,600,0.0,embedded,
S-80034,600,600,p036_004_S-80034_e33d2823.png,36,Im1129,462,462,600,600,0.0,embedded,
S-80013,600,600,p036_005_S-80013_17b638dd.png,36,Im1131,462,462,600,600,0.0,embedded,
S-80074,600,600,p036_006_S-80074_2dc63f63.png,36,Im1133,462,462,600,600,0.0,embedded,
S-80082,600,600,p036_007_S-80082_ad2fc07f.png,36,Im1135,462,462,600,600,0.0,embedded,
S-80087,600,600,p036_008_S-80087_ae3541f9.png,36,Im1137,462,462,600,600,0.0,embedded,
CRV-189,600,600,p036_009_CRV-189_18f79798.png,36,Im1139,462,462,600,600,0.0,embedded,
CRV-128,600,600,p036_010_CRV-128_527e298c.png,36,Im1141,462,462,600,600,0.0,embedded,
CRV-168,600,600,p036_011_CRV-168_1ee3602f.png,36,Im1143,462,462,600,600,0.0,embedded,
CRV-169,600,600,p036_012_CRV-169_41188323.png,36,Im1145,462,462,600,600,0.0,embedded,
CRV-143,600,600,p036_013_CRV-143_0df6ff29.png,36,Im1147,462,462,600,600,0.0,embedded,
CRV-141,600,600,p036_014_CRV-141_ec0036c8.png,36,Im1149,462,462,600,600,0.0,embedded,
CRV-183,600,600,p036_015_CRV-183_265b908c.png,36,Im1151,462,462,600,600,0.0,embedded,
LY CARRARA,600,600,p037_001_LY_CARRARA_4d18a7bc.png,37,Im1159,461,461,600,600,0.0,embedded,
LY IMPERIAL PINE,600,600,p037_002_LY_IMPERIAL_PINE_7c41c3d6.png,37,Im1161,461,461,600,600,0.0,embedded,
LY GERMAN WOOD,600,600,p037_003_LY_GERMAN_WOOD_6e97a7d1.png,37,Im1163,461,461,600,600,0.0,embedded,
LP LINER WOOD,600,600,p037_004_LP_LINER_WOOD_83274ebe.png,37,Im1166,461,461,600,600,0.0,embedded,
LY IMPERIAL PINE,600,600,p037_005_LY_IMPERIAL_PINE_b9de7362.png,37,Im1168,461,461,600,600,0.0,embedded,
LY STABLETON GRIS,600,600,p037_006_LY_STABLETON_GRIS_7cfd0231.png,37,Im1169,461,461,600,600,0.0,embedded,
DECOR-23,600,600,p038_001_DECOR-23_bbed7b21.png,38,Im1189,461,461,600,600,0.0,embedded,
DECOR-26,600,600,p038_002_DECOR-26_68076bb7.png,38,Im1191,461,461,600,600,0.0,embedded,
LINEAR CHOCO,600,600,p038_003_LINEAR_CHOCO_370704b7.png,38,Im1193,461,461,600,600,0.0,embedded,
LINEAR GREY DECOR,600,600,p038_004_LINEAR_GREY_DECOR_3789c9a3.png,38,Im1195,461,461,600,600,0.0,embedded,
LINEAR GREY,600,600,p038_005_LINEAR_GREY_6ea05fc4.png,38,Im1197,461,461,600,600,0.0,embedded,
LINEAR GREY DECOR,600,600,p038_006_LINEAR_GREY_DECOR_9572efc5.png,38,Im1199,461,461,600,600,0.0,embedded,
METEX,600,600,p038_007_METEX_13f5f4ce.png,38,Im1202,461,461,600,600,0.0,embedded,
ROGGER CROWN,600,600,p038_008_ROGGER_CROWN_19f8e907.png,38,Im1204,461,461,600,600,0.0,embedded,
3331-L,300,600,p039_001_3331-L_b992e772.png,39,Im1218,456,228,600,300,0.0,embedded-indexed,
3331-HL-1-P1,300,600,p039_002_3331-HL-1-P1_c423e1de.png,39,Im1220,456,228,600,300,0.0,embedded,
3331-F,300,300,p039_003_3331-F_4cde389c.png,39,Im1222,229,228,302,300,0.439,embedded,derived square companion size from catalogue section and image aspect
3331-D,300,600,p039_004_3331-D_e924d422.png,39,Im1224,456,228,600,300,0.0,embedded,
3331-HL-1-P2,300,600,p039_005_3331-HL-1-P2_177c1a4d.png,39,Im1226,456,228,600,300,0.0,embedded,
3101-L,300,600,p039_006_3101-L_84930d3a.png,39,Im1228,456,227,603,300,0.213,embedded,
3101-HL-1,300,600,p039_007_3101-HL-1_eb4c7641.png,39,Im1230,456,227,603,300,0.212,embedded,
3101-F,300,300,p039_008_3101-F_c0f95ae4.png,39,Im1232,229,227,303,300,0.652,embedded,derived square companion size from catalogue section and image aspect
3101-D,300,600,p039_009_3101-D_80eb3177.png,39,Im1234,456,227,603,300,0.213,embedded,
3008-L,300,600,p039_010_3008-L_ab0c09d5.png,39,Im1236,456,228,600,300,0.0,embedded,
3008-HL-1,300,600,p039_011_3008-HL-1_81864aae.png,39,Im1238,456,228,600,300,0.0,embedded,
3008-D,300,600,p039_012_3008-D_14167f63.png,39,Im1240,456,228,600,300,0.0,embedded,
3008-F,300,300,p039_013_3008-F_797ef332.png,39,Im1242,229,228,302,300,0.439,embedded,derived square companion size from catalogue section and image aspect
3413-L,300,600,p039_014_3413-L_c796049e.png,39,Im1244,456,228,600,300,0.0,embedded,
3413-HL-1-P1,300,600,p039_015_3413-HL-1-P1_e0bc86dd.png,39,Im1246,456,228,600,300,0.0,embedded,
3413 -F,300,300,p039_016_3413_-F_800d9009.png,39,Im1248,228,228,300,300,0.0,embedded,derived square companion size from catalogue section and image aspect
3413-D,300,600,p039_017_3413-D_8c9fd03d.png,39,Im1250,456,228,600,300,0.0,embedded,
3413-HL-1-P2,300,600,p039_018_3413-HL-1-P2_aacea929.png,39,Im1252,456,228,600,300,0.0,embedded,
3416-HL-1-P1-P2-P3,300,600,p040_001_3416-HL-1-P1-P2-P3_b6aebdf5.png,40,Im1259,456,228,600,300,0.247,embedded,
3416-F,300,300,p040_002_3416-F_cc31ce50.png,40,Im1260,229,228,302,300,0.41,embedded,derived square companion size from catalogue section and image aspect
3416-L,300,600,p040_003_3416-L_b6499cd8.png,40,Im1263,456,228,600,300,0.247,embedded,
3416-D,300,600,p040_004_3416-D_fe4ac198.png,40,Im1264,456,228,600,300,0.191,embedded,
T-2110-L (MATT),300,600,p040_005_T-2110-L_MATT_330cde06.png,40,Im1265,456,228,600,300,0.0,embedded,
T-2110-F (MATT),300,300,p040_006_T-2110-F_MATT_2ffb888d.png,40,Im1267,229,228,302,300,0.439,embedded,derived square companion size from catalogue section and image aspect
T-2110-HL-1 (MATT),300,600,p040_007_T-2110-HL-1_MATT_cd58bb0b.png,40,Im1269,456,228,600,300,0.0,embedded,
3258-L,300,600,p040_008_3258-L_3d842fc5.png,40,Im1271,456,229,600,302,0.604,embedded,
3258-HL-1,300,600,p040_009_3258-HL-1_e036b95b.png,40,Im1273,456,229,600,302,0.604,embedded,
3258-F,300,300,p040_010_3258-F_31a9398e.png,40,Im1275,229,228,302,300,0.287,embedded,derived square companion size from catalogue section and image aspect
3335-F,300,300,p040_011_3335-F_b0165744.png,40,Im1277,229,228,302,300,0.438,embedded,derived square companion size from catalogue section and image aspect
3335-L,300,600,p040_012_3335-L_ef509491.png,40,Im1279,456,228,600,300,0.0,embedded,
3335-HL-1,300,600,p040_013_3335-HL-1_a070fda2.png,40,Im1281,456,228,600,300,0.0,embedded,
3471-L,300,600,p040_014_3471-L_b1e468f2.png,40,Im1284,456,228,600,300,0.0,embedded-indexed,
3471-HL-1-P1,300,600,p040_015_3471-HL-1-P1_91d28f09.png,40,Im1286,456,228,600,300,0.0,embedded,
3471-F,300,600,p040_016_3471-F_08a44fd7.png,40,Im1288,456,228,600,300,0.0,embedded,
3471-HL-1-P2,300,600,p040_017_3471-HL-1-P2_60f3c355.png,40,Im1290,456,228,600,300,0.0,embedded,
3471-F,300,300,p040_018_3471-F_65044633.png,40,Im1292,229,228,302,300,0.438,embedded,derived square companion size from catalogue section and image aspect
3332-L,300,600,p040_019_3332-L_68a6e019.png,40,Im1295,456,228,600,300,0.0,embedded-indexed,
3332-HL-1,300,600,p040_020_3332-HL-1_54090a8c.png,40,Im1297,456,228,600,300,0.0,embedded,
3332-D,300,600,p040_021_3332-D_f4e2486c.png,40,Im1299,456,228,600,300,0.0,embedded,
3332-D,300,300,p040_022_3332-D_8449129e.png,40,Im1301,230,228,303,300,0.878,embedded,derived square companion size from catalogue section and image aspect
5176-L,300,600,p041_001_5176-L_b5908309.png,41,Im1309,456,228,600,300,0.0,embedded,
5176-HL-1,300,600,p041_002_5176-HL-1_0a5cc616.png,41,Im1311,456,228,600,300,0.0,embedded,
5176-F,300,300,p041_003_5176-F_a0298e4d.png,41,Im1313,229,228,302,300,0.439,embedded,derived square companion size from catalogue section and image aspect
5026-L,300,600,p041_004_5026-L_e4f85812.png,41,Im1315,456,228,600,300,0.0,embedded,
5026-L-HL,300,600,p041_005_5026-L-HL_34428155.png,41,Im1317,456,228,600,300,0.0,embedded,
5026-F,300,300,p041_006_5026-F_fbcbbfe8.png,41,Im1319,229,228,302,300,0.439,embedded,derived square companion size from catalogue section and image aspect
5232-D,300,600,p041_007_5232-D_438f54bd.png,41,Im1322,456,228,600,300,0.0,embedded,
5232-HL-1,300,600,p041_008_5232-HL-1_63dc2998.png,41,Im1324,456,228,600,300,0.0,embedded,
5232-F,300,300,p041_009_5232-F_c42b29b8.png,41,Im1326,229,228,302,300,0.438,embedded,derived square companion size from catalogue section and image aspect
3101-L,300,600,p042_001_3101-L_d0ecf8f4.png,42,Im1334,456,228,600,300,0.0,embedded,
3101-D,300,600,p042_002_3101-D_5b68d91d.png,42,Im1336,456,228,600,300,0.0,embedded,
3101-HL-2,300,600,p042_003_3101-HL-2_051bb36c.png,42,Im1338,456,228,600,300,0.0,embedded,
3103-HL-3,300,600,p042_004_3103-HL-3_4b676af6.png,42,Im1340,456,228,600,300,0.0,embedded,
3041-L,300,600,p042_005_3041-L_cecc3751.png,42,Im1343,456,228,600,300,0.0,embedded,
3041-D,300,600,p042_006_3041-D_9a4fe93d.png,42,Im1345,456,228,600,300,0.0,embedded,
3041-HL-1,300,600,p042_007_3041-HL-1_af13a9bb.png,42,Im1347,456,228,600,300,0.0,embedded,
3041-HL-2,300,600,p042_008_3041-HL-2_81af5dc7.png,42,Im1349,456,228,600,300,0.0,embedded,
3241-L,300,600,p042_009_3241-L_c00e5aeb.png,42,Im1351,456,227,603,300,0.255,embedded,
3241-D,300,600,p042_010_3241-D_d634f809.png,42,Im1353,456,227,603,300,0.256,embedded,
3241-HL-1,300,600,p042_011_3241-HL-1_0faa8e14.png,42,Im1355,456,227,603,300,0.256,embedded,
3241-HL-2,300,600,p042_012_3241-HL-2_41a78cad.png,42,Im1357,456,227,603,300,0.255,embedded,
CHENNAI-301,300,600,p043_001_CHENNAI-301_0255fccc.png,43,Im1365,456,228,600,300,0.212,embedded,
ERODE-506,300,600,p043_002_ERODE-506_011725d1.png,43,Im1367,456,228,600,300,0.212,embedded,
LUDHIANA-505,300,600,p043_003_LUDHIANA-505_52642533.png,43,Im1369,456,228,600,300,0.212,embedded,
DISPUR-502,300,600,p043_004_DISPUR-502_a9453b4d.png,43,Im1371,456,228,600,300,0.212,embedded,
LATUR-505,300,600,p043_005_LATUR-505_bc57a7a0.png,43,Im1373,456,228,600,300,0.212,embedded,
MADURAI-501,300,600,p043_006_MADURAI-501_16dbfeb8.png,43,Im1375,456,228,600,300,0.212,embedded,
DIUSPUR-505,300,600,p043_007_DIUSPUR-505_c1d84e7e.png,43,Im1377,456,228,600,300,0.212,embedded,
LUDHIANA-06,300,600,p043_008_LUDHIANA-06_f53d82bd.png,43,Im1379,456,229,600,302,0.633,embedded,
MANALI-301,300,600,p043_009_MANALI-301_a1c42be5.png,43,Im1381,456,228,600,300,0.212,embedded,
MANALI-501,300,600,p043_010_MANALI-501_d7306699.png,43,Im1385,456,228,600,300,0.212,embedded,
MATHURA-508,300,600,p043_011_MATHURA-508_a886772a.png,43,Im1387,456,228,600,300,0.212,embedded,
MUMBAI-504,300,600,p043_012_MUMBAI-504_eb0ee23e.png,43,Im1389,456,228,600,300,0.212,embedded,
MANALI-503,300,600,p043_013_MANALI-503_b711f132.png,43,Im1391,456,228,600,300,0.212,embedded,
MUMBAI-06,300,600,p043_014_MUMBAI-06_2e081045.png,43,Im1393,456,228,600,300,0.212,embedded,
MYSORE-502,300,600,p043_015_MYSORE-502_8bed73aa.png,43,Im1395,456,229,600,302,0.633,embedded,
MATHURA-506,300,600,p043_016_MATHURA-506_40ce170e.png,43,Im1397,456,228,600,300,0.212,embedded,
MUMBAI-503,300,600,p043_017_MUMBAI-503_4586fe96.png,43,Im1399,456,228,600,300,0.212,embedded,
PUNE-305,300,600,p043_018_PUNE-305_39041803.png,43,Im1401,456,228,600,300,0.212,embedded,
RAIPUR-07,300,600,p043_019_RAIPUR-07_a9b4ee4c.png,43,Im1403,456,228,600,300,0.212,embedded,
SPINEL-502,300,600,p043_020_SPINEL-502_1c45eddb.png,43,Im1405,456,228,600,300,0.212,embedded,
TIGRIS-14,300,600,p043_021_TIGRIS-14_a1fee1b1.png,43,Im1407,456,228,600,300,0.212,embedded,
CAPITAN SILVER (MATT),300,600,p044_001_CAPITAN_SILVER_MATT_79d68d6c.png,44,Im1414,456,228,600,300,0.0,embedded,
CAPITAN SILVER TREE-A (MATT),300,600,p044_002_CAPITAN_SILVER_TREE-A_MATT_05a7e68b.png,44,Im1416,456,228,600,300,0.0,embedded,
CAPITAN GREY-F (MATT),300,300,p044_003_CAPITAN_GREY-F_MATT_4c098820.png,44,Im1418,230,228,303,300,0.877,embedded,derived square companion size from catalogue section and image aspect
CAPITAN GREY (MATT),300,600,p044_004_CAPITAN_GREY_MATT_724d3258.png,44,Im1420,456,228,600,300,0.0,embedded,
CAPITAN SILVER TREE-B (MATT),300,600,p044_005_CAPITAN_SILVER_TREE-B_MATT_a870c95c.png,44,Im1422,456,228,600,300,0.0,embedded,
JEREBKO-L,300,600,p044_006_JEREBKO-L_d5932d36.png,44,Im1424,456,228,600,300,0.0,embedded,
JEREBKO-HL,300,600,p044_007_JEREBKO-HL_b8e6b4e1.png,44,Im1426,456,228,600,300,0.0,embedded,
JEREBKO-F,300,300,p044_008_JEREBKO-F_d9415806.png,44,Im1428,229,228,302,300,0.438,embedded,derived square companion size from catalogue section and image aspect
JEREBKO-D,300,600,p044_009_JEREBKO-D_5948e738.png,44,Im1430,456,228,600,300,0.0,embedded,
MARQUINA WHITE,300,600,p044_010_MARQUINA_WHITE_4bb2c04f.png,44,Im1432,456,228,600,300,0.0,embedded,
MARQUINA WHITE-HL,300,600,p044_011_MARQUINA_WHITE-HL_c318f510.png,44,Im1434,456,228,600,300,0.0,embedded,
MARQUINA BLACK-F,300,300,p044_012_MARQUINA_BLACK-F_8348e02f.png,44,Im1436,230,228,303,300,0.877,embedded,derived square companion size from catalogue section and image aspect
MARQUINA BLACK,300,600,p044_013_MARQUINA_BLACK_d7ef1d17.png,44,Im1438,456,228,600,300,0.0,embedded,
MARQUINA BLACK-HL,300,600,p044_014_MARQUINA_BLACK-HL_ec6f5e70.png,44,Im1440,457,230,600,302,0.749,embedded,
MARQUINA WHITE-F,300,300,p044_015_MARQUINA_WHITE-F_1d42851f.png,44,Im1441,230,228,303,300,0.877,embedded,derived square companion size from catalogue section and image aspect
ANGOLA WHITE,300,600,p044_016_ANGOLA_WHITE_11b65734.png,44,Im1449,456,228,600,300,0.0,embedded,
ANGOLA FLY DECOR-1,300,600,p044_017_ANGOLA_FLY_DECOR-1_918b553e.png,44,Im1451,456,228,600,300,0.0,embedded,
ANGOLABLACK-F,300,300,p044_018_ANGOLABLACK-F_9e2ef096.png,44,Im1453,230,228,303,300,0.877,embedded,derived square companion size from catalogue section and image aspect
ANGOLA BLACK,300,600,p044_019_ANGOLA_BLACK_8201bf46.png,44,Im1455,456,228,600,300,0.0,embedded,
ANGOLA FLY DECOR-2,300,600,p044_020_ANGOLA_FLY_DECOR-2_e33aaaf9.png,44,Im1457,456,228,600,300,0.0,embedded,
ANGOLA GRASS DECOR,300,600,p044_021_ANGOLA_GRASS_DECOR_976d2da5.png,44,Im1459,456,228,600,300,0.0,embedded,
NYRA PULPIS (MATT),300,600,p045_001_NYRA_PULPIS_MATT_2390d0ed.png,45,Im1468,457,228,602,300,0.0,embedded-indexed,
NYRA PULPIS-HL-5 (MATT),300,600,p045_002_NYRA_PULPIS-HL-5_MATT_8e9122ef.png,45,Im1469,457,228,602,300,0.0,embedded,
NYRA PULPIS-F (MATT),300,300,p045_003_NYRA_PULPIS-F_MATT_056e103d.png,45,Im1471,229,228,302,300,0.219,embedded-indexed,derived square companion size from catalogue section and image aspect
NYRA PULPIS-HL-6 (MATT),300,600,p045_004_NYRA_PULPIS-HL-6_MATT_526ab07c.png,45,Im1472,457,228,602,300,0.0,embedded,
NYRA ARCTIC (MATT),300,600,p045_005_NYRA_ARCTIC_MATT_aec44184.png,45,Im1474,457,228,602,300,0.0,embedded-indexed,
NYRA ARCTIC-HL-3 (MATT),300,600,p045_006_NYRA_ARCTIC-HL-3_MATT_8213400e.png,45,Im1475,457,228,602,300,0.0,embedded,
NYRA ARCTIC-F (MATT),300,300,p045_007_NYRA_ARCTIC-F_MATT_8cb8f48c.png,45,Im1477,229,228,302,300,0.219,embedded-indexed,derived square companion size from catalogue section and image aspect
NYRA ARCTIC-HL-4 (MATT),300,600,p045_008_NYRA_ARCTIC-HL-4_MATT_55e232f0.png,45,Im1478,457,228,602,300,0.0,embedded,
PIPPEN-L,300,600,p045_009_PIPPEN-L_6a41f11b.png,45,Im1479,456,228,600,300,0.0,embedded,
PIPPEN-HL-2,300,600,p045_010_PIPPEN-HL-2_b6ee83d0.png,45,Im1481,456,228,600,300,0.0,embedded,
PIPPEN-F,300,300,p045_011_PIPPEN-F_79251634.png,45,Im1483,229,228,302,300,0.438,embedded,derived square companion size from catalogue section and image aspect
PIPPEN-D,300,600,p045_012_PIPPEN-D_5f96e9bf.png,45,Im1485,456,228,600,300,0.0,embedded,
POLO WOOD-L,300,600,p045_013_POLO_WOOD-L_deeac2a4.png,45,Im1487,456,228,600,300,0.0,embedded,
POLO WOOD DECOR,300,600,p045_014_POLO_WOOD_DECOR_585113ca.png,45,Im1489,456,228,600,300,0.0,embedded,
POLO WOOD-F,300,300,p045_015_POLO_WOOD-F_69e08572.png,45,Im1491,229,228,302,300,0.438,embedded,derived square companion size from catalogue section and image aspect
POLO WOOD-D,300,600,p045_016_POLO_WOOD-D_eac7ade8.png,45,Im1493,456,228,600,300,0.0,embedded,
ROLEX GREY,300,600,p046_001_ROLEX_GREY_ee1f00e4.png,46,Im1506,456,228,600,300,0.0,embedded,
ROLEX GREY-HL-1,300,600,p046_002_ROLEX_GREY-HL-1_e10797bb.png,46,Im1508,456,228,600,300,0.0,embedded,
ROLEX GREY-F,300,300,p046_003_ROLEX_GREY-F_7a12dee3.png,46,Im1510,230,228,303,300,0.877,embedded,derived square companion size from catalogue section and image aspect
ROLEX BEIGE-F,300,300,p046_004_ROLEX_BEIGE-F_198c7287.png,46,Im1512,230,228,303,300,0.877,embedded,derived square companion size from catalogue section and image aspect
ROLEX BEIGE,300,600,p046_005_ROLEX_BEIGE_bae16657.png,46,Im1514,456,228,600,300,0.0,embedded,
ROLEX BEIGE-HL-1,300,600,p046_006_ROLEX_BEIGE-HL-1_54ad6311.png,46,Im1516,456,228,600,300,0.0,embedded,
SONATA WHITE-HL,300,600,p046_007_SONATA_WHITE-HL_5aa7d26a.png,46,Im1518,457,228,602,300,0.0,embedded,
SONATA BLACK-HL,300,600,p046_008_SONATA_BLACK-HL_1da08de7.png,46,Im1519,457,228,602,300,0.0,embedded,
SONATA BLACK-HL-F,300,300,p046_009_SONATA_BLACK-HL-F_26f71c22.png,46,Im1520,229,228,302,300,0.219,embedded,derived square companion size from catalogue section and image aspect
TERRIFIC SILVER,300,600,p046_010_TERRIFIC_SILVER_ce8f9d64.png,46,Im1521,457,228,602,300,0.0,embedded,
TERRIFIC SILVER-HL,300,600,p046_011_TERRIFIC_SILVER-HL_847a40b6.png,46,Im1522,457,228,602,300,0.0,embedded,
TERRIFIC GREY-F,300,300,p046_012_TERRIFIC_GREY-F_e5477823.png,46,Im1523,229,228,302,300,0.219,embedded,derived square companion size from catalogue section and image aspect
TERRIFIC GREY,300,600,p046_013_TERRIFIC_GREY_4d09eef6.png,46,Im1524,457,228,602,300,0.0,embedded,
MIDAS BATH,300,600,p046_014_MIDAS_BATH_9549f73c.png,46,Im1525,456,228,600,300,0.0,embedded,
MIDAS BLACK-F,300,300,p046_015_MIDAS_BLACK-F_30f06c05.png,46,Im1528,230,228,303,300,0.877,embedded-indexed,derived square companion size from catalogue section and image aspect
MIDAS BLACK,300,600,p046_016_MIDAS_BLACK_c40d3b42.png,46,Im1531,456,228,600,300,0.0,embedded-indexed,
MORTAL SUPER WHITE,300,600,p047_001_MORTAL_SUPER_WHITE_33944716.png,47,Im1544,456,228,600,300,0.0,embedded,
MORTAL BLACK-HL,300,600,p047_002_MORTAL_BLACK-HL_ea676e4a.png,47,Im1546,456,228,600,300,0.0,embedded,
MORTAL SUPER WHITE-F,300,300,p047_003_MORTAL_SUPER_WHITE-F_3f2d59f1.png,47,Im1548,229,228,302,300,0.439,embedded,derived square companion size from catalogue section and image aspect
MORTAL SUPER WHITE-HL,300,600,p047_004_MORTAL_SUPER_WHITE-HL_9af93f69.png,47,Im1550,456,228,600,300,0.0,embedded,
CHROMATIC GREY-L,300,600,p047_005_CHROMATIC_GREY-L_33528c36.png,47,Im1552,457,228,602,300,0.0,embedded,
CHROMATIC GREY,300,600,p047_006_CHROMATIC_GREY_3f479139.png,47,Im1553,457,228,602,300,0.0,embedded,
CHROMATIC GREY BRICK-L,300,600,p047_007_CHROMATIC_GREY_BRICK-L_ee7c48fd.png,47,Im1555,457,228,602,300,0.0,embedded-indexed,
CHROMATIC GREY BRICK,300,600,p047_008_CHROMATIC_GREY_BRICK_2af40e49.png,47,Im1557,457,228,602,300,0.0,embedded-indexed,
CHROMATIC BLUE BRICK-L,300,600,p047_009_CHROMATIC_BLUE_BRICK-L_12ac581f.png,47,Im1558,457,228,602,300,0.0,embedded,
CHROMATIC BLUE BRICK,300,600,p047_010_CHROMATIC_BLUE_BRICK_ddc2a24e.png,47,Im1559,457,228,602,300,0.0,embedded,
P-1108 SUPER WHITE,300,600,p047_011_P-1108_SUPER_WHITE_51c26659.png,47,Im1560,456,228,600,300,0.0,embedded,
ITALIANO WHITE,300,600,p047_012_ITALIANO_WHITE_dbc84319.png,47,Im1561,456,228,600,300,0.0,embedded,
ITALIANO WHITE DECORE,300,600,p047_013_ITALIANO_WHITE_DECORE_5085c2fd.png,47,Im1562,456,228,600,300,0.0,embedded,
SUPER WHITE-F,300,300,p047_014_SUPER_WHITE-F_ae25ce2a.png,47,Im1563,229,228,302,300,0.439,embedded,derived square companion size from catalogue section and image aspect
P-1108 SUPER WHITE-F,300,300,p047_015_P-1108_SUPER_WHITE-F_2889c274.png,47,Im1564,229,228,302,300,0.439,embedded,derived square companion size from catalogue section and image aspect
P-1108 SUPER WHITE-HL,300,600,p047_016_P-1108_SUPER_WHITE-HL_66368fef.png,47,Im1565,456,228,600,300,0.0,embedded,
MONJA SILVER,300,600,p048_001_MONJA_SILVER_2d7c47f3.png,48,Im1576,456,228,600,300,0.0,embedded,
MONJA SILVER-KC-A,300,600,p048_002_MONJA_SILVER-KC-A_0b78be3c.png,48,Im1578,456,228,600,300,0.0,embedded,
MONJA SILVER-KC-B,300,600,p048_003_MONJA_SILVER-KC-B_c2f93cfc.png,48,Im1580,456,228,600,300,0.0,embedded,
MONJA GREY,300,600,p048_004_MONJA_GREY_6cb6ae43.png,48,Im1582,456,228,600,300,0.0,embedded,
ZUBER GREY,300,600,p048_005_ZUBER_GREY_d227b19e.png,48,Im1584,456,228,600,300,0.0,embedded,
ZUBER GREY-KC-REN-1,300,600,p048_006_ZUBER_GREY-KC-REN-1_f84d92ec.png,48,Im1586,456,228,600,300,0.0,embedded,
ZUBER GREY-KC-REN-2,300,600,p048_007_ZUBER_GREY-KC-REN-2_88929d62.png,48,Im1588,456,228,600,300,0.0,embedded,
POLO WOOD-L,300,600,p048_008_POLO_WOOD-L_1dad26bd.png,48,Im1590,456,228,600,300,0.0,embedded,
POLO WOOD-KC-REN-1,300,600,p048_009_POLO_WOOD-KC-REN-1_a684d8e1.png,48,Im1592,456,228,600,300,0.0,embedded,
POLO WOOD-KC-REN-2,300,600,p048_010_POLO_WOOD-KC-REN-2_8bb6740a.png,48,Im1594,456,228,600,300,0.0,embedded,
POLO WOOD-D,300,600,p048_011_POLO_WOOD-D_12dd220a.png,48,Im1596,456,228,600,300,0.0,embedded,
SALIENT WOOD,300,600,p048_012_SALIENT_WOOD_94dbd158.png,48,Im1598,457,228,602,300,0.0,embedded,
SALIENT WOOD-KC-REN-1,300,600,p048_013_SALIENT_WOOD-KC-REN-1_be801256.png,48,Im1599,457,228,602,300,0.0,embedded,
SALIENT WOOD-KC-REN-2,300,600,p048_014_SALIENT_WOOD-KC-REN-2_4a0ec6f3.png,48,Im1600,457,228,602,300,0.0,embedded,
ITACA-208-KC-1,300,600,p048_015_ITACA-208-KC-1_5d9cb990.png,48,Im1601,456,228,600,300,0.0,embedded,
ITACA-208-KC-2,300,600,p048_016_ITACA-208-KC-2_f0cf0f5f.png,48,Im1603,456,228,600,300,0.0,embedded,
MONJA SILVER,300,600,p048_017_MONJA_SILVER_48ccc14c.png,48,Im1605,456,228,600,300,0.0,embedded,
MONJA SILVER-KC-A,300,600,p048_018_MONJA_SILVER-KC-A_431d63ff.png,48,Im1607,456,228,600,300,0.0,embedded,
MONJA SILVER-KC-B,300,600,p048_019_MONJA_SILVER-KC-B_6b3c92f1.png,48,Im1609,456,228,600,300,0.0,embedded,
MONJA GREY,300,600,p048_020_MONJA_GREY_06f224ea.png,48,Im1611,456,228,600,300,0.0,embedded,
153-L,300,450,p049_001_153-L_35775c23.png,49,Im1623,342,228,451,300,0.064,embedded,
153-HL,300,450,p049_002_153-HL_76aace3b.png,49,Im1625,342,228,451,300,0.064,embedded,
153-F,300,300,p049_003_153-F_eebe3b88.png,49,Im1627,230,228,303,300,0.813,embedded,derived square companion size from catalogue section and image aspect
153-D,300,450,p049_004_153-D_b820c5be.png,49,Im1629,342,228,451,300,0.064,embedded,
182-L,300,450,p049_005_182-L_1e57d129.png,49,Im1631,342,228,451,300,0.064,embedded,
182-HL,300,450,p049_006_182-HL_0a3339dc.png,49,Im1633,342,228,451,300,0.064,embedded,
182-F,300,300,p049_007_182-F_ca3a8914.png,49,Im1635,229,228,302,300,0.374,embedded,derived square companion size from catalogue section and image aspect
182-D,300,450,p049_008_182-D_e5e03452.png,49,Im1637,342,228,451,300,0.064,embedded,
130-CREMA-L,300,450,p049_009_130-CREMA-L_0971f7b5.png,49,Im1639,342,228,451,300,0.021,embedded,
130-CREMA-HL,300,450,p049_010_130-CREMA-HL_27fb01bf.png,49,Im1640,342,228,451,300,0.021,embedded,
130-BROWN-D,300,450,p049_011_130-BROWN-D_a4642f6d.png,49,Im1641,342,228,451,300,0.021,embedded,
130-BROWN-F,300,300,p049_012_130-BROWN-F_065e5233.png,49,Im1642,229,228,302,300,0.417,embedded,derived square companion size from catalogue section and image aspect
358-L,300,450,p049_013_358-L_1266e5da.png,49,Im1643,342,228,451,300,0.021,embedded,
358-HL,300,450,p049_014_358-HL_4532630b.png,49,Im1644,342,228,451,300,0.021,embedded,
358-F,300,300,p049_015_358-F_4b5c446e.png,49,Im1645,230,228,303,300,0.856,embedded,derived square companion size from catalogue section and image aspect
358-D,300,450,p049_016_358-D_04d73a59.png,49,Im1646,342,228,451,300,0.021,embedded,
359-F,300,300,p049_017_359-F_b18c2b4b.png,49,Im1647,229,228,302,300,0.374,embedded,derived square companion size from catalogue section and image aspect
359-L,300,450,p049_018_359-L_59ed053b.png,49,Im1649,342,228,451,300,0.064,embedded,
359-HL,300,450,p049_019_359-HL_9778f27d.png,49,Im1651,342,228,451,300,0.064,embedded,
359-D,300,450,p049_020_359-D_b72cafbc.png,49,Im1653,342,228,451,300,0.064,embedded,
184-L,300,450,p049_021_184-L_42a005b9.png,49,Im1655,342,228,451,300,0.021,embedded,
184-HL,300,450,p049_022_184-HL_af88582b.png,49,Im1656,342,228,451,300,0.021,embedded,
184-D,300,450,p049_023_184-D_450e2e5e.png,49,Im1657,342,228,451,300,0.021,embedded,
184-F,300,300,p049_024_184-F_de413734.png,49,Im1658,229,228,302,300,0.417,embedded,derived square companion size from catalogue section and image aspect
717-L,300,450,p050_001_717-L_f38bf73c.png,50,Im1671,342,228,451,300,0.064,embedded,
717--HL-02,300,450,p050_002_717--HL-02_de70823e.png,50,Im1673,342,228,451,300,0.021,embedded,
717-D,300,450,p050_003_717-D_e27fe1ba.png,50,Im1674,342,228,451,300,0.064,embedded,
717-D,300,300,p050_004_717-D_98c9ad14.png,50,Im1676,228,228,300,300,0.064,embedded,derived square companion size from catalogue section and image aspect
549-L (MATT),300,450,p050_005_549-L_MATT_d91a532e.png,50,Im1679,342,228,451,300,0.021,embedded-indexed,
549-HL (MATT),300,450,p050_006_549-HL_MATT_e067da09.png,50,Im1680,342,228,451,300,0.021,embedded,
549-F (MATT),300,300,p050_007_549-F_MATT_bee603d5.png,50,Im1681,229,228,302,300,0.417,embedded,derived square companion size from catalogue section and image aspect
549-D (MATT),300,450,p050_008_549-D_MATT_3d8fcd44.png,50,Im1682,342,228,451,300,0.021,embedded,
563-L (MATT),300,450,p050_009_563-L_MATT_5365d877.png,50,Im1683,342,228,451,300,0.021,embedded,
563-HL (MATT),300,450,p050_010_563-HL_MATT_9ad39afc.png,50,Im1684,342,228,451,300,0.021,embedded,
563-F (MATT),300,300,p050_011_563-F_MATT_3f92b38c.png,50,Im1685,229,228,302,300,0.417,embedded,derived square companion size from catalogue section and image aspect
563-D (MATT),300,450,p050_012_563-D_MATT_091310ea.png,50,Im1686,342,228,451,300,0.021,embedded,
6013-L (MATT),300,450,p050_013_6013-L_MATT_296252c6.png,50,Im1687,342,228,451,300,0.064,embedded,
6013-HL (MATT),300,450,p050_014_6013-HL_MATT_e3efc4b3.png,50,Im1689,342,228,451,300,0.064,embedded,
6013-D (MATT),300,450,p050_015_6013-D_MATT_61230e81.png,50,Im1691,342,228,451,300,0.064,embedded,
6013-F (MATT),300,300,p050_016_6013-F_MATT_6f4d2583.png,50,Im1693,229,228,302,300,0.374,embedded,derived square companion size from catalogue section and image aspect
446-L,300,450,p050_017_446-L_524fdf74.png,50,Im1695,342,228,451,300,0.064,embedded,
446-HL,300,450,p050_018_446-HL_52f12b9a.png,50,Im1697,342,228,451,300,0.064,embedded,
446-F,300,300,p050_019_446-F_87a466f5.png,50,Im1699,229,228,302,300,0.374,embedded,derived square companion size from catalogue section and image aspect
446-D,300,450,p050_020_446-D_6808983d.png,50,Im1701,342,228,451,300,0.064,embedded,
550-F (MATT),300,300,p050_021_550-F_MATT_fda51453.png,50,Im1708,229,228,302,300,0.417,embedded,derived square companion size from catalogue section and image aspect
550-L (MATT),300,450,p050_022_550-L_MATT_fe75227b.png,50,Im1709,342,228,451,300,0.021,embedded,
550-HL (MATT),300,450,p050_023_550-HL_MATT_ca9cb1b1.png,50,Im1710,342,228,451,300,0.021,embedded,
549-L (MATT),300,450,p050_024_549-L_MATT_b4537b47.png,50,Im1712,342,228,451,300,0.021,embedded-indexed,
EL-1075,300,450,p051_001_EL-1075_f133dc9b.png,51,Im1718,342,228,451,300,0.021,embedded,
EL-12 (MATT),300,450,p051_002_EL-12_MATT_93e8dd8f.png,51,Im1719,342,228,451,300,0.064,embedded,
EL-09 (MATT),300,450,p051_003_EL-09_MATT_a74f3acd.png,51,Im1721,342,228,451,300,0.064,embedded,
337-L,300,450,p051_004_337-L_294df585.png,51,Im1723,342,228,451,300,0.064,embedded,
337-KC-REN-1,300,450,p051_005_337-KC-REN-1_77ce4aba.png,51,Im1725,342,228,451,300,0.064,embedded,
389-KC-REN-1,300,450,p051_006_389-KC-REN-1_3d5180e3.png,51,Im1727,342,228,451,300,0.064,embedded,
389-L,300,450,p051_007_389-L_278bbcca.png,51,Im1729,342,228,451,300,0.064,embedded,
915-L,300,450,p051_008_915-L_c8612dc2.png,51,Im1732,342,228,451,300,0.021,embedded-indexed,
915-HL,300,450,p051_009_915-HL_537a3fa5.png,51,Im1733,342,228,451,300,0.021,embedded,
915-F,300,300,p051_010_915-F_7aa6c4bd.png,51,Im1735,229,228,302,300,0.417,embedded-indexed,derived square companion size from catalogue section and image aspect
911-L,300,450,p051_011_911-L_be8250a2.png,51,Im1736,342,228,451,300,0.064,embedded,
911-HL-1,300,450,p051_012_911-HL-1_56e3f720.png,51,Im1738,342,228,451,300,0.064,embedded,
911-D,300,450,p051_013_911-D_6557a8fd.png,51,Im1740,342,228,451,300,0.064,embedded,
911-HL-2,300,450,p051_014_911-HL-2_d803bfbf.png,51,Im1742,342,228,451,300,0.064,embedded,
911-F,300,300,p051_015_911-F_ca58fe26.png,51,Im1744,229,228,302,300,0.374,embedded,derived square companion size from catalogue section and image aspect
717-L,300,450,p051_016_717-L_11f50b59.png,51,Im1747,342,228,451,300,0.064,embedded,
717-KC,300,450,p051_017_717-KC_fa7195ea.png,51,Im1749,342,228,451,300,0.064,embedded,
717-D,300,450,p051_018_717-D_0538b259.png,51,Im1751,342,228,451,300,0.064,embedded,
153-L,300,450,p051_019_153-L_561ec09d.png,51,Im1753,342,228,451,300,0.064,embedded,
153-KC-REN-1,300,450,p051_020_153-KC-REN-1_097831a9.png,51,Im1755,342,228,451,300,0.064,embedded,
153-D,300,450,p051_021_153-D_f9f27ec7.png,51,Im1757,342,228,451,300,0.064,embedded,
153-KC-REN-2,300,450,p051_022_153-KC-REN-2_3375f057.png,51,Im1759,342,228,451,300,0.064,embedded,
339-D,300,450,p051_023_339-D_955d29d5.png,51,Im1761,342,228,451,300,0.064,embedded,
339-HL,300,450,p051_024_339-HL_796e3e77.png,51,Im1763,342,228,451,300,0.064,embedded,
1286-L,300,450,p052_001_1286-L_78d8f122.png,52,Im1777,342,228,451,300,0.0,embedded-indexed,
1286-D,300,450,p052_002_1286-D_17642c43.png,52,Im1779,342,228,451,300,0.0,embedded,
1286-HL,300,450,p052_003_1286-HL_0c562a4f.png,52,Im1781,342,228,451,300,0.0,embedded,
1286-F,300,300,p052_004_1286-F_4c1cf8bc.png,52,Im1783,228,228,300,300,0.0,embedded,derived square companion size from catalogue section and image aspect
1386-L,300,450,p052_005_1386-L_e0df2b2b.png,52,Im1785,342,228,451,300,0.0,embedded,
1386-HL,300,450,p052_006_1386-HL_f982d58f.png,52,Im1787,342,228,451,300,0.0,embedded,
1386-D,300,450,p052_007_1386-D_61041cda.png,52,Im1789,342,228,451,300,0.0,embedded,
1386-F,300,300,p052_008_1386-F_3e11e467.png,52,Im1791,228,228,300,300,0.0,embedded,derived square companion size from catalogue section and image aspect
1003-L,300,450,p052_009_1003-L_3d19accb.png,52,Im1794,342,228,451,300,0.0,embedded-indexed,
1003-HL,300,450,p052_010_1003-HL_7bcc7579.png,52,Im1796,342,228,451,300,0.0,embedded,
1003-F,300,300,p052_011_1003-F_7c2cf770.png,52,Im1798,228,228,300,300,0.0,embedded,derived square companion size from catalogue section and image aspect
1245-L,300,450,p052_012_1245-L_a995235f.png,52,Im1801,342,228,451,300,0.0,embedded-indexed,
1245-D,300,450,p052_013_1245-D_f4c3c5d8.png,52,Im1803,342,228,451,300,0.0,embedded,
1245-HL,300,450,p052_014_1245-HL_e65b8349.png,52,Im1805,342,228,451,300,0.0,embedded,
1245-F,300,300,p052_015_1245-F_d76c9898.png,52,Im1807,228,228,300,300,0.0,embedded,derived square companion size from catalogue section and image aspect
1258-L,300,450,p052_016_1258-L_315f278c.png,52,Im1809,342,228,451,300,0.0,embedded,
1258-HL,300,450,p052_017_1258-HL_ee085cd9.png,52,Im1811,342,228,451,300,0.0,embedded,
1258-D,300,450,p052_018_1258-D_e798d82f.png,52,Im1813,342,228,451,300,0.0,embedded,
1275-L,300,450,p052_019_1275-L_c6fdf6c9.png,52,Im1815,342,228,451,300,0.0,embedded,
1275-HL,300,450,p052_020_1275-HL_87780ddf.png,52,Im1817,342,228,451,300,0.0,embedded,
1275-D,300,450,p052_021_1275-D_53615e40.png,52,Im1819,342,228,451,300,0.0,embedded,
1258-F,300,300,p052_022_1258-F_bba0cf7b.png,52,Im1821,228,228,300,300,0.0,embedded,derived square companion size from catalogue section and image aspect
1275-F,300,300,p052_023_1275-F_9a78870a.png,52,Im1823,228,228,300,300,0.0,embedded,derived square companion size from catalogue section and image aspect
1003-D,300,450,p052_024_1003-D_33101ae3.png,52,Im1825,342,228,451,300,0.0,embedded,
1522-L,300,450,p053_001_1522-L_bb51b9b8.png,53,Im1834,342,228,451,300,0.0,embedded-indexed,
1522-D,300,450,p053_002_1522-D_fde709a4.png,53,Im1837,342,228,451,300,0.0,embedded-indexed,
1522-HL-1,300,450,p053_003_1522-HL-1_32dbf1dd.png,53,Im1839,342,228,451,300,0.0,embedded,
1522-F,300,300,p053_004_1522-F_7c223c2c.png,53,Im1842,228,228,300,300,0.0,embedded-indexed,derived square companion size from catalogue section and image aspect
1565-L,300,450,p053_005_1565-L_3f03984b.png,53,Im1845,342,228,451,300,0.0,embedded-indexed,
1565-HL-1,300,450,p053_006_1565-HL-1_17c1b8d3.png,53,Im1847,342,228,451,300,0.0,embedded,
1565-D,300,450,p053_007_1565-D_a97f68cd.png,53,Im1849,342,228,451,300,0.0,embedded,
1565-F,300,300,p053_008_1565-F_57e0e880.png,53,Im1851,228,228,300,300,0.0,embedded,derived square companion size from catalogue section and image aspect
1402-L,300,450,p053_009_1402-L_f6c262e4.png,53,Im1853,342,228,451,300,0.0,embedded,
1402-HL-1,300,450,p053_010_1402-HL-1_e95271a2.png,53,Im1855,342,228,451,300,0.0,embedded,
1402-F,300,300,p053_011_1402-F_add47cd5.png,53,Im1857,229,228,302,300,0.439,embedded,derived square companion size from catalogue section and image aspect
1424-L,300,450,p053_012_1424-L_d94156a1.png,53,Im1859,342,228,451,300,0.0,embedded,
1424-D,300,450,p053_013_1424-D_01b9aace.png,53,Im1861,342,228,451,300,0.0,embedded,
1424-HL,300,450,p053_014_1424-HL_268c6f86.png,53,Im1863,342,228,451,300,0.0,embedded,
1424-F,300,300,p053_015_1424-F_118bc5dc.png,53,Im1865,228,228,300,300,0.0,embedded,derived square companion size from catalogue section and image aspect
1428-L,300,450,p053_016_1428-L_21498fd9.png,53,Im1867,342,228,451,300,0.0,embedded,
1428-HL-1,300,450,p053_017_1428-HL-1_6cca86d1.png,53,Im1869,342,228,451,300,0.0,embedded,
1428-D,300,450,p053_018_1428-D_8b66e3d1.png,53,Im1871,342,228,451,300,0.0,embedded,
1521-L,300,450,p053_019_1521-L_08d2ace3.png,53,Im1874,342,228,451,300,0.0,embedded-indexed,
1521-HL-1,300,450,p053_020_1521-HL-1_8a7d2e06.png,53,Im1876,342,228,451,300,0.0,embedded,
1521-D,300,450,p053_021_1521-D_77ac887f.png,53,Im1878,342,228,451,300,0.0,embedded,
1428-HL-2,300,450,p053_022_1428-HL-2_94181bcb.png,53,Im1880,342,228,451,300,0.0,embedded,
1428-F,300,300,p053_023_1428-F_ad258b11.png,53,Im1882,229,229,300,300,0.0,embedded,derived square companion size from catalogue section and image aspect
1521-F,300,300,p053_024_1521-F_c531fa8c.png,53,Im1884,228,228,300,300,0.0,embedded,derived square companion size from catalogue section and image aspect
1402-D,300,450,p053_025_1402-D_e6e5f751.png,53,Im1886,342,228,451,300,0.0,embedded,
1566-L,300,450,p054_001_1566-L_b83d3712.png,54,Im1893,342,228,451,300,0.0,embedded,
1566-HL-1,300,450,p054_002_1566-HL-1_97d697c0.png,54,Im1895,342,228,451,300,0.0,embedded,
1566-F,300,300,p054_003_1566-F_13a1aae4.png,54,Im1897,228,228,300,300,0.0,embedded,derived square companion size from catalogue section and image aspect
1583-L,300,450,p054_004_1583-L_96b82f6c.png,54,Im1900,342,228,451,300,0.0,embedded-indexed,
1583-D,300,450,p054_005_1583-D_40216d60.png,54,Im1903,342,228,451,300,0.0,embedded-indexed,
1583-HL-1,300,450,p054_006_1583-HL-1_3dff3610.png,54,Im1905,342,228,451,300,0.0,embedded,
1583-F,300,300,p054_007_1583-F_efcb9edc.png,54,Im1908,228,228,300,300,0.0,embedded-indexed,derived square companion size from catalogue section and image aspect
1915-L,300,450,p054_008_1915-L_ece1cb6f.png,54,Im1910,342,228,451,300,0.0,embedded,
1915-HL-1,300,450,p054_009_1915-HL-1_05f3b713.png,54,Im1912,342,228,451,300,0.0,embedded,
1915-D,300,450,p054_010_1915-D_661d1743.png,54,Im1914,342,228,451,300,0.0,embedded,
1657-L,300,450,p054_011_1657-L_030dc7d3.png,54,Im1916,342,228,451,300,0.0,embedded,
1657-HL-2,300,450,p054_012_1657-HL-2_c5c4db63.png,54,Im1918,342,228,451,300,0.0,embedded,
1657-HL-3,300,450,p054_013_1657-HL-3_ed327ca9.png,54,Im1920,342,228,451,300,0.0,embedded,
1915-HL-2,300,450,p054_014_1915-HL-2_66484d2d.png,54,Im1922,342,228,451,300,0.0,embedded,
1915-F,300,300,p054_015_1915-F_d28ddcc8.png,54,Im1924,228,228,300,300,0.0,embedded,derived square companion size from catalogue section and image aspect
1657-D,300,450,p054_016_1657-D_5a9383cd.png,54,Im1926,342,228,451,300,0.0,embedded,
1657-F,300,300,p054_017_1657-F_7082b190.png,54,Im1928,228,228,300,300,0.0,embedded,derived square companion size from catalogue section and image aspect
1928-L,300,450,p054_018_1928-L_f8ad9445.png,54,Im1931,342,228,451,300,0.0,embedded,
1928-HL-2,300,450,p054_019_1928-HL-2_388c0186.png,54,Im1933,342,228,451,300,0.0,embedded,
1928-F,300,300,p054_020_1928-F_a513e4ec.png,54,Im1935,229,228,302,300,0.439,embedded,derived square companion size from catalogue section and image aspect
1714-L,300,450,p054_021_1714-L_aadbba3b.png,54,Im1937,342,228,451,300,0.0,embedded,
1714-D,300,450,p054_022_1714-D_49557616.png,54,Im1939,342,228,451,300,0.0,embedded,
1714-HL,300,450,p054_023_1714-HL_448387d3.png,54,Im1941,342,228,451,300,0.0,embedded,
1714-F,300,300,p054_024_1714-F_54cf0996.png,54,Im1943,228,228,300,300,0.0,embedded,derived square companion size from catalogue section and image aspect
1920-L,300,450,p055_001_1920-L_cb434d06.png,55,Im1950,342,228,451,300,0.0,embedded,
1920-HL-1,300,450,p055_002_1920-HL-1_3a30821e.png,55,Im1952,342,228,451,300,0.0,embedded,
1920-HL-2,300,450,p055_003_1920-HL-2_7526cb22.png,55,Im1954,342,228,451,300,0.0,embedded,
1920-D,300,450,p055_004_1920-D_97adb826.png,55,Im1956,342,228,451,300,0.0,embedded,
1920-F,300,300,p055_005_1920-F_ed27f7a5.png,55,Im1958,228,228,300,300,0.0,embedded,derived square companion size from catalogue section and image aspect
1916-L,300,450,p055_006_1916-L_d01b2901.png,55,Im1960,342,228,451,300,0.0,embedded,
1916-HL-1,300,450,p055_007_1916-HL-1_5c9a860b.png,55,Im1962,342,228,451,300,0.0,embedded,
1916-HL-2,300,450,p055_008_1916-HL-2_1bb0565f.png,55,Im1964,342,228,451,300,0.0,embedded,
1916-D,300,450,p055_009_1916-D_aec2c3de.png,55,Im1966,342,228,451,300,0.0,embedded,
1916-F,300,300,p055_010_1916-F_e0254465.png,55,Im1968,228,228,300,300,0.0,embedded,derived square companion size from catalogue section and image aspect
4003-L,300,450,p055_011_4003-L_fb60035a.png,55,Im1971,342,228,451,300,0.0,embedded,
4003-HL-3,300,450,p055_012_4003-HL-3_6b58318f.png,55,Im1973,342,228,451,300,0.0,embedded,
4003-D,300,450,p055_013_4003-D_850cc019.png,55,Im1975,342,228,451,300,0.0,embedded,
4003-HL-4,300,450,p055_014_4003-HL-4_49668b93.png,55,Im1977,342,228,451,300,0.0,embedded,
4003-F,300,300,p055_015_4003-F_8805a54f.png,55,Im1979,228,228,300,300,0.0,embedded,derived square companion size from catalogue section and image aspect
1932-L,300,450,p055_016_1932-L_1545b74e.png,55,Im1981,342,228,451,300,0.0,embedded,
1932-HL-1,300,450,p055_017_1932-HL-1_bb48db89.png,55,Im1983,342,228,451,300,0.0,embedded,
1932-HL-2,300,450,p055_018_1932-HL-2_25dff898.png,55,Im1985,342,228,451,300,0.0,embedded,
1932-D,300,450,p055_019_1932-D_a307cd44.png,55,Im1987,342,228,451,300,0.0,embedded,
1932-F,300,300,p055_020_1932-F_93450d93.png,55,Im1989,229,228,302,300,0.439,embedded,derived square companion size from catalogue section and image aspect
4036-L,300,450,p056_001_4036-L_26268206.png,56,Im1996,342,228,451,300,0.0,embedded,
4036-HL-3,300,450,p056_002_4036-HL-3_0a277820.png,56,Im1998,342,228,451,300,0.0,embedded,
4036-HL-4,300,450,p056_003_4036-HL-4_38fd1b9e.png,56,Im2000,342,228,451,300,0.0,embedded,
4036-D,300,450,p056_004_4036-D_e9c2222e.png,56,Im2002,342,228,451,300,0.0,embedded,
4036-F,300,300,p056_005_4036-F_2fb6acfa.png,56,Im2004,228,228,300,300,0.0,embedded,derived square companion size from catalogue section and image aspect
4035-L,300,450,p056_006_4035-L_97e8aae5.png,56,Im2006,342,228,451,300,0.0,embedded,
4035-HL-1,300,450,p056_007_4035-HL-1_d5a8af89.png,56,Im2008,342,228,451,300,0.0,embedded,
4035-HL-2,300,450,p056_008_4035-HL-2_7bb6354e.png,56,Im2010,342,228,451,300,0.0,embedded,
4035-D,300,450,p056_009_4035-D_62710767.png,56,Im2012,342,228,451,300,0.0,embedded,
4035-F,300,300,p056_010_4035-F_14909f9b.png,56,Im2014,228,228,300,300,0.0,embedded,derived square companion size from catalogue section and image aspect
4018-L,300,450,p056_011_4018-L_1de5b261.png,56,Im2016,342,228,451,300,0.0,embedded,
4018-HL-1,300,450,p056_012_4018-HL-1_6773ab1a.png,56,Im2018,342,228,451,300,0.0,embedded,
4018-HL-2,300,450,p056_013_4018-HL-2_494578cb.png,56,Im2020,342,228,451,300,0.0,embedded,
4018-D,300,450,p056_014_4018-D_c9272bbf.png,56,Im2022,342,228,451,300,0.0,embedded,
4018-F,300,300,p056_015_4018-F_f43cab8d.png,56,Im2024,228,228,300,300,0.0,embedded,derived square companion size from catalogue section and image aspect
4102-L,300,450,p056_016_4102-L_8c15023f.png,56,Im2028,342,228,451,300,0.0,embedded-indexed,
4102-D,300,450,p056_017_4102-D_cb1f9e53.png,56,Im2030,342,228,451,300,0.0,embedded,
4102-HL-2,300,450,p056_018_4102-HL-2_102a19e2.png,56,Im2032,342,228,451,300,0.0,embedded,
4102-HL-1,300,450,p056_019_4102-HL-1_626bc181.png,56,Im2034,342,228,451,300,0.0,embedded,
4102-F,300,300,p056_020_4102-F_02f6adbc.png,56,Im2036,228,228,300,300,0.0,embedded,derived square companion size from catalogue section and image aspect
4118-L,300,450,p057_001_4118-L_89dded97.png,57,Im2043,342,228,451,300,0.0,embedded,
4118-HL-1,300,450,p057_002_4118-HL-1_1d2f51fc.png,57,Im2045,342,228,451,300,0.0,embedded,
4118-HL-2,300,450,p057_003_4118-HL-2_2fd5264f.png,57,Im2047,342,228,451,300,0.0,embedded,
4118-D,300,450,p057_004_4118-D_727e0d58.png,57,Im2049,342,228,451,300,0.0,embedded,
4118-F,300,300,p057_005_4118-F_e0e91def.png,57,Im2051,228,228,300,300,0.0,embedded,derived square companion size from catalogue section and image aspect
4106-L,300,450,p057_006_4106-L_6931c5d7.png,57,Im2054,342,228,451,300,0.0,embedded-indexed,
4106-HL-1,300,450,p057_007_4106-HL-1_04cdef87.png,57,Im2056,342,228,451,300,0.0,embedded,
4106-HL-2,300,450,p057_008_4106-HL-2_7cffecab.png,57,Im2058,342,228,451,300,0.0,embedded,
4106-D,300,450,p057_009_4106-D_4d8855e7.png,57,Im2060,342,228,451,300,0.0,embedded,
4102-F,300,300,p057_010_4102-F_67993da8.png,57,Im2062,228,228,300,300,0.0,embedded,derived square companion size from catalogue section and image aspect
4130-L,300,450,p057_011_4130-L_f139e11a.png,57,Im2065,342,228,451,300,0.0,embedded,
4130-HL-5,300,450,p057_012_4130-HL-5_ba9c0a4f.png,57,Im2067,342,228,451,300,0.0,embedded,
4130-D,300,450,p057_013_4130-D_62aefc21.png,57,Im2069,342,228,451,300,0.0,embedded,
4130-F,300,300,p057_014_4130-F_c47f487c.png,57,Im2071,229,228,302,300,0.439,embedded,derived square companion size from catalogue section and image aspect
4130-HL-6,300,450,p057_015_4130-HL-6_211f956d.png,57,Im2073,342,228,451,300,0.038,embedded,
4128-L,300,450,p057_016_4128-L_919ff45c.png,57,Im2075,342,228,451,300,0.0,embedded-indexed,
4128-HL-1,300,450,p057_017_4128-HL-1_565d76e2.png,57,Im2077,342,228,451,300,0.0,embedded,
4128-HL-2,300,450,p057_018_4128-HL-2_8f74bf1d.png,57,Im2079,342,228,451,300,0.0,embedded,
4128-D,300,450,p057_019_4128-D_3fbc4815.png,57,Im2081,342,228,451,300,0.0,embedded,
4128-F,300,300,p057_020_4128-F_a690bf93.png,57,Im2083,228,228,300,300,0.0,embedded,derived square companion size from catalogue section and image aspect
4158-L,300,450,p058_001_4158-L_124c84fc.png,58,Im2091,342,228,451,300,0.0,embedded-indexed,
4158-HL-1,300,450,p058_002_4158-HL-1_abc5190b.png,58,Im2093,342,228,451,300,0.0,embedded,
4158-HL-2,300,450,p058_003_4158-HL-2_f0fc737b.png,58,Im2095,342,228,451,300,0.0,embedded,
4158-D,300,450,p058_004_4158-D_1de83235.png,58,Im2097,342,228,451,300,0.0,embedded,
4158-F,300,300,p058_005_4158-F_1a2a9d91.png,58,Im2099,228,228,300,300,0.0,embedded,derived square companion size from catalogue section and image aspect
4144-L,300,450,p058_006_4144-L_b0b8bfc9.png,58,Im2102,342,228,451,300,0.0,embedded-indexed,
4144-HL-1,300,450,p058_007_4144-HL-1_16a926a1.png,58,Im2104,342,228,451,300,0.0,embedded,
4144-HL-2,300,450,p058_008_4144-HL-2_5778a940.png,58,Im2106,342,228,451,300,0.0,embedded,
4144-D,300,450,p058_009_4144-D_80012978.png,58,Im2108,342,228,451,300,0.0,embedded,
4144-F,300,300,p058_010_4144-F_7d652595.png,58,Im2110,228,228,300,300,0.0,embedded,derived square companion size from catalogue section and image aspect
4143-L,300,450,p058_011_4143-L_7dc7a28e.png,58,Im2113,342,228,451,300,0.0,embedded-indexed,
4143-HL-1,300,450,p058_012_4143-HL-1_abf54447.png,58,Im2115,342,228,451,300,0.0,embedded,
4143-HL-2,300,450,p058_013_4143-HL-2_d4ea8b22.png,58,Im2117,342,228,451,300,0.0,embedded,
4143-D,300,450,p058_014_4143-D_32407f61.png,58,Im2119,342,228,451,300,0.0,embedded,
4143-F,300,300,p058_015_4143-F_5ad1831d.png,58,Im2121,229,229,300,300,0.0,embedded,derived square companion size from catalogue section and image aspect
9537-L,300,450,p058_016_9537-L_9da84f3a.png,58,Im2124,342,228,451,300,0.0,embedded,
9537-HL-1,300,450,p058_017_9537-HL-1_4827bfb4.png,58,Im2126,342,228,451,300,0.0,embedded,
9537-D,300,450,p058_018_9537-D_ccf9fc58.png,58,Im2128,342,228,451,300,0.0,embedded,
9537-HL-2,300,450,p058_019_9537-HL-2_9ce2a7c3.png,58,Im2130,342,228,451,300,0.0,embedded,
9537-F,300,300,p058_020_9537-F_1d32d094.png,58,Im2132,228,228,300,300,0.0,embedded,derived square companion size from catalogue section and image aspect
9502-L,300,450,p059_001_9502-L_62fcee29.png,59,Im2140,342,228,451,300,0.0,embedded,
9502-D,300,450,p059_002_9502-D_734438b0.png,59,Im2142,342,228,451,300,0.0,embedded,
9502-HL-1,300,450,p059_003_9502-HL-1_97981476.png,59,Im2144,342,228,451,300,0.0,embedded,
9502-F,300,300,p059_004_9502-F_d35178b4.png,59,Im2146,229,229,300,300,0.0,embedded,derived square companion size from catalogue section and image aspect
9535-L,300,450,p059_005_9535-L_c8f19f63.png,59,Im2148,342,228,451,300,0.0,embedded,
9535-HL,300,450,p059_006_9535-HL_5f13fa64.png,59,Im2150,342,228,451,300,0.0,embedded,
9535-D,300,450,p059_007_9535-D_eff547f8.png,59,Im2152,342,228,451,300,0.0,embedded,
9535-F,300,300,p059_008_9535-F_33c28f80.png,59,Im2154,228,228,300,300,0.0,embedded,derived square companion size from catalogue section and image aspect
4164-L,300,450,p059_009_4164-L_3d0a8cdf.png,59,Im2156,342,228,451,300,0.0,embedded,
4164-HL-1,300,450,p059_010_4164-HL-1_0db0d749.png,59,Im2158,342,228,451,300,0.0,embedded,
4164-F,300,300,p059_011_4164-F_e5cfc2ca.png,59,Im2160,229,229,300,300,0.0,embedded,derived square companion size from catalogue section and image aspect
4179-L,300,450,p059_012_4179-L_fee72b4e.png,59,Im2162,342,228,451,300,0.0,embedded,
4179-D,300,450,p059_013_4179-D_2f9bb060.png,59,Im2164,342,228,451,300,0.0,embedded,
4179-HL-1,300,450,p059_014_4179-HL-1_aaec39e7.png,59,Im2166,342,228,451,300,0.0,embedded,
4179-F,300,300,p059_015_4179-F_a6d56182.png,59,Im2168,229,228,302,300,0.439,embedded,derived square companion size from catalogue section and image aspect
4180-L,300,450,p059_016_4180-L_3c315e04.png,59,Im2170,342,228,451,300,0.0,embedded,
4180-HL-1,300,450,p059_017_4180-HL-1_234c6272.png,59,Im2172,342,228,451,300,0.0,embedded,
4180-D,300,450,p059_018_4180-D_3a56aea5.png,59,Im2174,342,228,451,300,0.0,embedded,
4184-L,300,450,p059_019_4184-L_12069871.png,59,Im2177,342,228,451,300,0.0,embedded-indexed,
4184-HL-1,300,450,p059_020_4184-HL-1_cfd42973.png,59,Im2179,342,228,451,300,0.0,embedded,
4184-D,300,450,p059_021_4184-D_59fd2b82.png,59,Im2181,342,228,451,300,0.0,embedded,
4180-F,300,300,p059_022_4180-F_55a75a3c.png,59,Im2183,229,229,300,300,0.0,embedded,derived square companion size from catalogue section and image aspect
4184-F,300,300,p059_023_4184-F_2f7827dc.png,59,Im2185,229,229,300,300,0.0,embedded,derived square companion size from catalogue section and image aspect
WHITE GRANITE,300,450,p060_001_WHITE_GRANITE_a23253f3.png,60,Im2193,342,228,451,300,0.0,embedded,
AQUA GRANITE,300,450,p060_002_AQUA_GRANITE_af9c29f8.png,60,Im2195,342,228,451,300,0.0,embedded,
AQUA GRANITE-HL-2,300,450,p060_003_AQUA_GRANITE-HL-2_b8cb28de.png,60,Im2197,342,228,451,300,0.0,embedded,
AQUA GRANITE-F,300,300,p060_004_AQUA_GRANITE-F_d099b06e.png,60,Im2199,229,229,300,300,0.0,embedded,derived square companion size from catalogue section and image aspect
9838-HL-1,300,450,p060_005_9838-HL-1_f6d2e4b8.png,60,Im2201,342,228,451,300,0.0,embedded,
9838-D,300,450,p060_006_9838-D_cef23c57.png,60,Im2203,342,228,451,300,0.0,embedded,
9838-F,300,300,p060_007_9838-F_67fa7bac.png,60,Im2205,228,228,300,300,0.0,embedded,derived square companion size from catalogue section and image aspect
9571-L,300,450,p060_008_9571-L_d4b21692.png,60,Im2207,342,228,451,300,0.0,embedded,
9571-HL-1,300,450,p060_009_9571-HL-1_8c8c524d.png,60,Im2209,342,228,451,300,0.0,embedded,
9571-F,300,300,p060_010_9571-F_66cd6962.png,60,Im2211,228,228,300,300,0.0,embedded,derived square companion size from catalogue section and image aspect
9784-L,300,450,p060_011_9784-L_7253722c.png,60,Im2213,342,228,451,300,0.0,embedded,
9784-D,300,450,p060_012_9784-D_3ac1d86f.png,60,Im2215,342,228,451,300,0.0,embedded,
9784-HL,300,450,p060_013_9784-HL_3466f80b.png,60,Im2217,342,228,451,300,0.0,embedded,
9784-F,300,300,p060_014_9784-F_ef8f94c5.png,60,Im2219,229,228,302,300,0.439,embedded,derived square companion size from catalogue section and image aspect
9810-L,300,450,p060_015_9810-L_d7aa5b7a.png,60,Im2221,342,228,451,300,0.0,embedded,
9810-HL-1,300,450,p060_016_9810-HL-1_49efa988.png,60,Im2223,342,228,451,300,0.0,embedded,
9810-D,300,450,p060_017_9810-D_71f119d0.png,60,Im2225,342,228,451,300,0.0,embedded,
9850-L,300,450,p060_018_9850-L_d7a4c6e4.png,60,Im2227,342,228,451,300,0.0,embedded,
9850-HL-1,300,450,p060_019_9850-HL-1_312028d3.png,60,Im2229,342,228,451,300,0.0,embedded,
9850-D,300,450,p060_020_9850-D_012ad8be.png,60,Im2231,342,228,451,300,0.0,embedded,
9810-F,300,300,p060_021_9810-F_71e68ee0.png,60,Im2233,228,228,300,300,0.0,embedded,derived square companion size from catalogue section and image aspect
9850-F,300,300,p060_022_9850-F_eaf64df6.png,60,Im2235,228,228,300,300,0.0,embedded,derived square companion size from catalogue section and image aspect
9571-D,300,450,p060_023_9571-D_c85e573f.png,60,Im2237,342,228,451,300,0.0,embedded,
WHITE,300,450,p060_024_WHITE_d6f204d3.png,60,Im2240,342,228,451,300,0.0,embedded-indexed,
WHITE-F,300,300,p060_025_WHITE-F_dfb5b60a.png,60,Im2243,228,228,300,300,0.0,embedded-indexed,derived square companion size from catalogue section and image aspect
8516-HL-2,300,450,p061_001_8516-HL-2_ac861d0e.png,61,Im2250,342,228,451,300,0.0,embedded,
8516-L,300,450,p061_002_8516-L_b7e5b177.png,61,Im2252,342,228,451,300,0.0,embedded,
8516-HL-1,300,450,p061_003_8516-HL-1_bee6325c.png,61,Im2254,342,228,451,300,0.0,embedded,
9144-D,300,450,p061_004_9144-D_6386234c.png,61,Im2256,342,228,451,300,0.0,embedded,
9144-HL-2,300,450,p061_005_9144-HL-2_0851f63d.png,61,Im2258,342,228,451,300,0.0,embedded,
9144-HL-3,300,450,p061_006_9144-HL-3_73c59799.png,61,Im2260,342,228,451,300,0.0,embedded,
9585-L,300,450,p061_007_9585-L_c5021f5b.png,61,Im2262,342,228,451,300,0.0,embedded,
9585-HL-2,300,450,p061_008_9585-HL-2_cfc5a746.png,61,Im2264,342,228,451,300,0.0,embedded,
9585-HL-1,300,450,p061_009_9585-HL-1_091ec6b2.png,61,Im2266,342,228,451,300,0.0,embedded,
9615-L,300,450,p061_010_9615-L_63ce48f9.png,61,Im2268,342,228,451,300,0.0,embedded,
9843-HL-1,300,450,p061_011_9843-HL-1_98b1d985.png,61,Im2270,342,228,451,300,0.0,embedded,
9615-HL-2,300,450,p061_012_9615-HL-2_bc01dde5.png,61,Im2272,342,228,451,300,0.0,embedded,
9843-HL-2,300,450,p061_013_9843-HL-2_6aff0315.png,61,Im2274,342,228,451,300,0.0,embedded,
8109-L,300,450,p061_014_8109-L_33fe0465.png,61,Im2276,342,228,451,300,0.0,embedded,
8109-HL-1,300,450,p061_015_8109-HL-1_53178af8.png,61,Im2278,342,228,451,300,0.0,embedded,
8109-HL-2,300,450,p061_016_8109-HL-2_a8afb229.png,61,Im2280,342,228,451,300,0.0,embedded,
8142-D,300,450,p061_017_8142-D_0849d518.png,61,Im2282,342,228,451,300,0.0,embedded,
8142-HL-1,300,450,p061_018_8142-HL-1_c17fdf6b.png,61,Im2284,342,228,451,300,0.0,embedded,
8142-HL-2,300,450,p061_019_8142-HL-2_7977d07a.png,61,Im2286,342,228,451,300,0.0,embedded,
8143-D,300,450,p061_020_8143-D_04385b8f.png,61,Im2288,342,228,451,300,0.0,embedded,
8143-HL-1,300,450,p061_021_8143-HL-1_3a47c02b.png,61,Im2290,342,228,451,300,0.0,embedded,
8143-HL-2,300,450,p061_022_8143-HL-2_0960d0ea.png,61,Im2292,342,228,451,300,0.0,embedded,
1402-L,300,450,p062_001_1402-L_2ae91cfe.png,62,Im2300,342,228,451,300,0.0,embedded,
1402-D,300,450,p062_002_1402-D_a3d52e2b.png,62,Im2302,342,228,451,300,0.0,embedded,
1402-HL-2,300,450,p062_003_1402-HL-2_60aa37be.png,62,Im2304,342,228,451,300,0.0,embedded,
1425-L,300,450,p062_004_1425-L_7336d591.png,62,Im2306,342,228,451,300,0.0,embedded,
1425-HL-2,300,450,p062_005_1425-HL-2_d56ba4f8.png,62,Im2308,342,228,451,300,0.0,embedded,
1425-D,300,450,p062_006_1425-D_33fa204d.png,62,Im2310,342,228,451,300,0.0,embedded,
8025-L,300,450,p062_007_8025-L_d95b15d7.png,62,Im2312,342,228,451,300,0.0,embedded,
8025-HL-1,300,450,p062_008_8025-HL-1_9bfae72c.png,62,Im2314,342,228,451,300,0.0,embedded,
8025-HL-2,300,450,p062_009_8025-HL-2_dcd4127b.png,62,Im2316,342,228,451,300,0.0,embedded,
8151-L,300,450,p062_010_8151-L_07f1ab7d.png,62,Im2319,342,228,451,300,0.0,embedded,
8151-HL-1,300,450,p062_011_8151-HL-1_5607c004.png,62,Im2321,342,228,451,300,0.0,embedded,
8151-D,300,450,p062_012_8151-D_4e15a542.png,62,Im2323,342,228,451,300,0.0,embedded,
9895-L,300,450,p062_013_9895-L_0aea9bb4.png,62,Im2325,342,228,451,300,0.0,embedded,
9895-HL-1,300,450,p062_014_9895-HL-1_b6067153.png,62,Im2327,342,228,451,300,0.0,embedded,
9895-HL-2,300,450,p062_015_9895-HL-2_c9cd7c19.png,62,Im2329,342,228,451,300,0.0,embedded,
8154-L,300,450,p063_001_8154-L_08dec0a7.png,63,Im2339,342,228,451,300,0.0,embedded-indexed,
8154-D,300,450,p063_002_8154-D_3077600b.png,63,Im2341,342,228,451,300,0.0,embedded,
8154-HL-1,300,450,p063_003_8154-HL-1_b914450d.png,63,Im2343,342,228,451,300,0.0,embedded,
8154-HL-2,300,450,p063_004_8154-HL-2_711738da.png,63,Im2345,342,228,451,300,0.0,embedded,
8115-L,300,450,p063_005_8115-L_f0e5d1f1.png,63,Im2347,342,228,451,300,0.0,embedded,
8115-HL-1,300,450,p063_006_8115-HL-1_78ef4a30.png,63,Im2349,342,228,451,300,0.0,embedded,
EL-5187,300,450,p064_001_EL-5187_a1368237.png,64,Im2357,342,228,451,300,0.0,embedded,
EL-5188,300,450,p064_002_EL-5188_3de2bb86.png,64,Im2359,342,228,451,300,0.0,embedded,
EL-5189,300,450,p064_003_EL-5189_2464f36d.png,64,Im2361,342,228,451,300,0.0,embedded,
EL-5118,300,450,p064_004_EL-5118_8dbb9fca.png,64,Im2363,342,228,451,300,0.0,embedded,
EL-5149,300,450,p064_005_EL-5149_b27b0fe3.png,64,Im2365,342,228,451,300,0.0,embedded,
EL-5114,300,450,p064_006_EL-5114_73ce8f02.png,64,Im2367,342,228,451,300,0.0,embedded,
EL-5344,300,450,p064_007_EL-5344_12cbcd2b.png,64,Im2369,342,228,451,300,0.0,embedded,
EL-5342,300,450,p064_008_EL-5342_815e32a6.png,64,Im2371,342,228,451,300,0.0,embedded,
EL-9026,300,450,p064_009_EL-9026_19b2c5c5.png,64,Im2373,342,228,451,300,0.0,embedded,
EL-5425,300,450,p064_010_EL-5425_3d64e544.png,64,Im2375,342,228,451,300,0.0,embedded,
EL-5423,300,450,p064_011_EL-5423_b96b75c3.png,64,Im2377,342,228,451,300,0.0,embedded,
6716-L,300,450,p065_001_6716-L_71dfb810.png,65,Im2387,342,228,451,300,0.064,embedded,
6716-HL-1,300,450,p065_002_6716-HL-1_6d95eb8e.png,65,Im2389,342,228,451,300,0.064,embedded,
6716-D,300,450,p065_003_6716-D_d93ab7a6.png,65,Im2391,342,228,451,300,0.064,embedded,
6879-L,300,450,p065_004_6879-L_4c170808.png,65,Im2393,342,228,451,300,0.064,embedded,
6879-D,300,450,p065_005_6879-D_1ec5b0fa.png,65,Im2395,342,228,451,300,0.064,embedded,
6879-HL-3,300,450,p065_006_6879-HL-3_d249b8dd.png,65,Im2397,342,228,451,300,0.064,embedded,
6879-F,300,300,p065_007_6879-F_ffe3e611.png,65,Im2399,228,228,300,300,0.0,embedded,derived square companion size from catalogue section and image aspect
6876-L,300,450,p065_008_6876-L_9821acb9.png,65,Im2401,342,228,451,300,0.064,embedded,
6876-HL-4,300,450,p065_009_6876-HL-4_9acc68d6.png,65,Im2403,342,228,451,300,0.064,embedded,
6876-D,300,450,p065_010_6876-D_e102ff2c.png,65,Im2405,342,228,451,300,0.064,embedded,
6876-F,300,300,p065_011_6876-F_719a5203.png,65,Im2407,228,228,300,300,0.0,embedded,derived square companion size from catalogue section and image aspect
6166-L,300,450,p065_012_6166-L_903f543c.png,65,Im2409,342,228,451,300,0.064,embedded,
6166-D,300,450,p065_013_6166-D_12c6ed81.png,65,Im2411,342,228,451,300,0.064,embedded,
6166-HL,300,450,p065_014_6166-HL_37370908.png,65,Im2413,342,228,451,300,0.064,embedded,
6166-F,300,300,p065_015_6166-F_021e7c54.png,65,Im2415,228,228,300,300,0.0,embedded,derived square companion size from catalogue section and image aspect
K-519-L,300,450,p065_016_K-519-L_5bc45ed4.png,65,Im2417,342,228,451,300,0.064,embedded,
K-519-D,300,450,p065_017_K-519-D_698f397d.png,65,Im2419,342,228,451,300,0.064,embedded,
K-519-HL-4,300,450,p065_018_K-519-HL-4_738445ce.png,65,Im2421,342,228,451,300,0.064,embedded,
K-519-F,300,300,p065_019_K-519-F_dc615225.png,65,Im2423,229,228,302,300,0.374,embedded,derived square companion size from catalogue section and image aspect
6985-L,300,450,p065_020_6985-L_fb2c9df7.png,65,Im2425,342,228,451,300,0.064,embedded,
6985-HL-1,300,450,p065_021_6985-HL-1_f5772660.png,65,Im2427,342,228,451,300,0.064,embedded,
6985-D,300,450,p065_022_6985-D_b0280646.png,65,Im2429,342,228,451,300,0.064,embedded,
6985-F,300,300,p065_023_6985-F_b44d6837.png,65,Im2431,228,228,300,300,0.0,embedded,derived square companion size from catalogue section and image aspect
6716-F,300,300,p065_024_6716-F_1b3d954d.png,65,Im2433,228,228,300,300,0.0,embedded,derived square companion size from catalogue section and image aspect
6866-L,300,450,p066_001_6866-L_ebedfb4b.png,66,Im2441,342,228,451,300,0.064,embedded,
6866-D,300,450,p066_002_6866-D_84b8637b.png,66,Im2443,342,228,451,300,0.064,embedded,
6866-HL-1,300,450,p066_003_6866-HL-1_3d3fd8ec.png,66,Im2445,342,228,451,300,0.064,embedded,
6866-F,300,300,p066_004_6866-F_01d4a0b8.png,66,Im2447,228,228,300,300,0.0,embedded,derived square companion size from catalogue section and image aspect
6858-L,300,450,p066_005_6858-L_1c355a30.png,66,Im2449,342,228,451,300,0.064,embedded,
6858-HL-1,300,450,p066_006_6858-HL-1_bb4b5e81.png,66,Im2451,342,228,451,300,0.064,embedded,
6858-F,300,300,p066_007_6858-F_04c80c9e.png,66,Im2453,228,228,300,300,0.0,embedded,derived square companion size from catalogue section and image aspect
6858-D,300,450,p066_008_6858-D_e72d19ec.png,66,Im2455,342,228,451,300,0.064,embedded,
7408-HL-5,300,450,p066_009_7408-HL-5_bf2b5781.png,66,Im2457,342,228,451,300,0.0,embedded,
7408-L,300,450,p066_010_7408-L_ee68f598.png,66,Im2460,342,228,451,300,0.0,embedded-indexed,
7408-HL-4,300,450,p066_011_7408-HL-4_8e30df2f.png,66,Im2462,342,228,451,300,0.0,embedded,
6166-D,300,450,p067_001_6166-D_c3a466e8.png,67,Im2470,342,228,451,300,0.0,embedded,
6166-K-3,300,450,p067_002_6166-K-3_d4f5857f.png,67,Im2472,342,228,451,300,0.0,embedded,
6166-K-4,300,450,p067_003_6166-K-4_45d7b69b.png,67,Im2474,342,228,451,300,0.0,embedded,
K-521-L,300,450,p067_004_K-521-L_56612518.png,67,Im2476,342,228,451,300,0.064,embedded,
K-521-HL-1,300,450,p067_005_K-521-HL-1_296d02d1.png,67,Im2478,342,228,451,300,0.064,embedded,
K-521-HL-3,300,450,p067_006_K-521-HL-3_e8323cef.png,67,Im2480,342,228,451,300,0.064,embedded,
K-548-L,300,450,p067_007_K-548-L_eb7f8c9a.png,67,Im2482,342,228,451,300,0.064,embedded,
K-548-HL-1,300,450,p067_008_K-548-HL-1_1402b092.png,67,Im2484,342,228,451,300,0.064,embedded,
K-548-HL-2,300,450,p067_009_K-548-HL-2_a8a49503.png,67,Im2486,342,228,451,300,0.064,embedded,
K-548-D,300,450,p067_010_K-548-D_d5e90163.png,67,Im2488,342,228,451,300,0.064,embedded,
6782-L,300,450,p067_011_6782-L_62ae33f7.png,67,Im2490,342,228,451,300,0.064,embedded,
6782-D,300,450,p067_012_6782-D_e71a697c.png,67,Im2492,342,228,451,300,0.064,embedded,
6782-K-3,300,450,p067_013_6782-K-3_d52790d9.png,67,Im2494,342,228,451,300,0.064,embedded,
6782-K-4,300,450,p067_014_6782-K-4_d2040834.png,67,Im2496,342,228,451,300,0.064,embedded,
EL-8196,300,450,p067_015_EL-8196_812316e1.png,67,Im2499,342,228,451,300,0.064,embedded,
EL-8200,300,450,p067_016_EL-8200_bcd274b9.png,67,Im2501,342,228,451,300,0.064,embedded,
EL-8386,300,450,p067_017_EL-8386_05add0ef.png,67,Im2503,342,228,451,300,0.017,embedded,
4348-L,300,450,p068_001_4348-L_34e3174b.png,68,Im2510,342,228,451,300,0.0,embedded,
4348-D,300,450,p068_002_4348-D_5e9dd0ef.png,68,Im2512,342,228,451,300,0.0,embedded,
4348-HL-1,300,450,p068_003_4348-HL-1_d19efcd5.png,68,Im2514,342,228,451,300,0.0,embedded,
4348-F,300,300,p068_004_4348-F_697158ce.png,68,Im2516,228,228,300,300,0.0,embedded,derived square companion size from catalogue section and image aspect
4579-L,300,450,p068_005_4579-L_c49ea2a2.png,68,Im2519,342,228,451,300,0.0,embedded-indexed,
4579-HL-1,300,450,p068_006_4579-HL-1_ba993fe5.png,68,Im2521,342,228,451,300,0.0,embedded,
4579-D,300,450,p068_007_4579-D_62166273.png,68,Im2523,342,228,451,300,0.0,embedded,
4579-F,300,300,p068_008_4579-F_6f4ed4f7.png,68,Im2525,228,228,300,300,0.0,embedded,derived square companion size from catalogue section and image aspect
1231-HL-2,300,450,p068_009_1231-HL-2_2be3a072.png,68,Im2527,342,228,451,300,0.0,embedded,
1231-D,300,450,p068_010_1231-D_4c81a1cf.png,68,Im2529,342,228,451,300,0.0,embedded,
4273-L,300,450,p068_011_4273-L_e12a09fd.png,68,Im2531,342,228,451,300,0.0,embedded,
4273-D,300,450,p068_012_4273-D_80ab34ea.png,68,Im2533,342,228,451,300,0.0,embedded,
4273-HL-1,300,450,p068_013_4273-HL-1_44aee8be.png,68,Im2535,342,228,451,300,0.0,embedded,
4273-F,300,300,p068_014_4273-F_f566c327.png,68,Im2537,228,228,300,300,0.0,embedded,derived square companion size from catalogue section and image aspect
1334-L,300,450,p068_015_1334-L_b4d0e202.png,68,Im2539,342,228,451,300,0.0,embedded,
1334-HL-1,300,450,p068_016_1334-HL-1_5d04727d.png,68,Im2541,342,228,451,300,0.0,embedded,
1334-D,300,450,p068_017_1334-D_e4bfe65d.png,68,Im2543,342,228,451,300,0.0,embedded,
4297-L,300,450,p068_018_4297-L_6374081e.png,68,Im2545,342,228,451,300,0.0,embedded,
4297-HL-2,300,450,p068_019_4297-HL-2_aaf18e90.png,68,Im2547,342,228,451,300,0.0,embedded,
4297-D,300,450,p068_020_4297-D_08dba328.png,68,Im2549,342,228,451,300,0.0,embedded,
1334-HL-3,300,450,p068_021_1334-HL-3_b6b15571.png,68,Im2551,342,228,451,300,0.0,embedded,
1334-F,300,300,p068_022_1334-F_49474011.png,68,Im2553,229,229,300,300,0.0,embedded,derived square companion size from catalogue section and image aspect
4297-F,300,300,p068_023_4297-F_9beafb4d.png,68,Im2555,229,229,300,300,0.0,embedded,derived square companion size from catalogue section and image aspect
1231-F,300,300,p068_024_1231-F_0335ae8a.png,68,Im2557,229,228,302,300,0.439,embedded,derived square companion size from catalogue section and image aspect
4586-L,300,450,p069_001_4586-L_2189ffe2.png,69,Im2571,342,228,451,300,0.0,embedded,
4586-HL-1,300,450,p069_002_4586-HL-1_434b9392.png,69,Im2573,342,228,451,300,0.0,embedded,
4586-HL-2,300,450,p069_003_4586-HL-2_c5b139f8.png,69,Im2575,342,228,451,300,0.0,embedded,
4645-L,300,450,p069_004_4645-L_b620c89e.png,69,Im2577,342,228,451,300,0.0,embedded,
4645-D,300,450,p069_005_4645-D_4101e11c.png,69,Im2579,342,228,451,300,0.0,embedded,
4645-HL-3,300,450,p069_006_4645-HL-3_83cc5e91.png,69,Im2581,342,228,451,300,0.0,embedded,
4645-F,300,300,p069_007_4645-F_39539102.png,69,Im2583,228,228,300,300,0.0,embedded,derived square companion size from catalogue section and image aspect
4588-L,300,450,p069_008_4588-L_9b38f9e6.png,69,Im2585,342,228,451,300,0.0,embedded,
4588-HL-1,300,450,p069_009_4588-HL-1_c3c9088d.png,69,Im2587,342,228,451,300,0.0,embedded,
4588-D,300,450,p069_010_4588-D_51612b62.png,69,Im2589,342,228,451,300,0.0,embedded,
4916-L,300,450,p069_011_4916-L_f94d4d48.png,69,Im2591,342,228,451,300,0.0,embedded,
4916-HL-1-A,300,450,p069_012_4916-HL-1-A_6edbdb7b.png,69,Im2593,342,228,451,300,0.0,embedded,
4916-HL-1-B,300,450,p069_013_4916-HL-1-B_7f20e6a5.png,69,Im2595,342,228,451,300,0.0,embedded,
4588-HL-2,300,450,p069_014_4588-HL-2_f260e70e.png,69,Im2597,342,228,451,300,0.0,embedded,
4588-F,300,300,p069_015_4588-F_7fcf7dc3.png,69,Im2599,229,229,300,300,0.0,embedded,derived square companion size from catalogue section and image aspect
4916-D,300,450,p069_016_4916-D_90cae837.png,69,Im2601,342,228,451,300,0.0,embedded,
4916-F,300,300,p069_017_4916-F_5703080f.png,69,Im2603,228,228,300,300,0.0,embedded,derived square companion size from catalogue section and image aspect
4586-F,300,300,p069_018_4586-F_1bcd9bed.png,69,Im2605,228,228,300,300,0.0,embedded,derived square companion size from catalogue section and image aspect
4584-L,300,450,p069_019_4584-L_4b932f86.png,69,Im2607,342,228,451,300,0.0,embedded,
4584-HL-1,300,450,p069_020_4584-HL-1_0ded1d7e.png,69,Im2609,342,228,451,300,0.0,embedded,
4584-F,300,300,p069_021_4584-F_9be8468e.png,69,Im2611,228,228,300,300,0.0,embedded,derived square companion size from catalogue section and image aspect
4368-L,300,450,p069_022_4368-L_7b329960.png,69,Im2613,342,228,451,300,0.0,embedded,
4368-HL-1,300,450,p069_023_4368-HL-1_ce159dfd.png,69,Im2615,342,228,451,300,0.0,embedded,
4368-F,300,300,p069_024_4368-F_a77fa835.png,69,Im2617,228,228,300,300,0.0,embedded,derived square companion size from catalogue section and image aspect
4367-L,300,450,p069_025_4367-L_1c87af09.png,69,Im2619,342,228,451,300,0.0,embedded,
4367-HL-1,300,450,p069_026_4367-HL-1_9c1282c2.png,69,Im2621,342,228,451,300,0.0,embedded,
4367-F,300,300,p069_027_4367-F_cb4c71b5.png,69,Im2623,228,228,300,300,0.0,embedded,derived square companion size from catalogue section and image aspect
4927-L,300,450,p070_001_4927-L_a8d7d7ef.png,70,Im2631,342,228,451,300,0.0,embedded,
4927-HL-1-A,300,450,p070_002_4927-HL-1-A_050b99af.png,70,Im2633,342,228,451,300,0.0,embedded,
4927-D,300,450,p070_003_4927-D_6682010a.png,70,Im2635,342,228,451,300,0.0,embedded,
4927-HL-1-B,300,450,p070_004_4927-HL-1-B_b728b637.png,70,Im2637,342,228,451,300,0.0,embedded,
4927-F,300,300,p070_005_4927-F_6f0c24ad.png,70,Im2639,228,228,300,300,0.0,embedded,derived square companion size from catalogue section and image aspect
4925-L,300,450,p070_006_4925-L_16e50397.png,70,Im2641,342,228,451,300,0.0,embedded,
4925-HL-1-A,300,450,p070_007_4925-HL-1-A_807149d7.png,70,Im2643,342,228,451,300,0.0,embedded,
4925-D,300,450,p070_008_4925-D_da3de680.png,70,Im2645,342,228,451,300,0.0,embedded,
4925-HL-1-B,300,450,p070_009_4925-HL-1-B_93150e47.png,70,Im2647,342,228,451,300,0.0,embedded,
4925-F,300,300,p070_010_4925-F_c2093b2e.png,70,Im2649,228,228,300,300,0.0,embedded,derived square companion size from catalogue section and image aspect
4918-L,300,450,p070_011_4918-L_8a3e1b90.png,70,Im2651,342,228,451,300,0.0,embedded,
4918-HL-1-A,300,450,p070_012_4918-HL-1-A_527bfd95.png,70,Im2653,342,228,451,300,0.0,embedded,
4918-D,300,450,p070_013_4918-D_e45e9de1.png,70,Im2655,342,228,451,300,0.0,embedded,
4918-HL-1-B,300,450,p070_014_4918-HL-1-B_1120fe16.png,70,Im2657,342,228,451,300,0.0,embedded,
4918-F,300,300,p070_015_4918-F_fd38b2f1.png,70,Im2659,228,228,300,300,0.0,embedded,derived square companion size from catalogue section and image aspect
2768-L,300,450,p070_016_2768-L_f15a53de.png,70,Im2661,342,228,451,300,0.0,embedded,
2768-HL-2,300,450,p070_017_2768-HL-2_a021279a.png,70,Im2663,342,228,451,300,0.0,embedded,
2768-HL-1,300,450,p070_018_2768-HL-1_ea9d4acf.png,70,Im2665,342,228,451,300,0.0,embedded,
2768-HL-3,300,450,p070_019_2768-HL-3_a4736b84.png,70,Im2667,342,228,451,300,0.0,embedded,
EL-1582,300,450,p070_020_EL-1582_defbf232.png,70,Im2670,342,228,451,300,0.0,embedded,
EL-3034,300,450,p070_021_EL-3034_59781e49.png,70,Im2672,342,228,451,300,0.0,embedded,
EL-3238,300,450,p070_022_EL-3238_c59895e1.png,70,Im2674,342,228,451,300,0.0,embedded,
1229-D,300,450,p071_001_1229-D_f89b6282.png,71,Im2681,342,228,451,300,0.0,embedded,
K-241,300,450,p071_002_K-241_ec88a0c1.png,71,Im2683,342,228,451,300,0.0,embedded,
K-329,300,450,p071_003_K-329_91a93024.png,71,Im2685,342,228,451,300,0.0,embedded,
1231-D,300,450,p071_004_1231-D_1c0fbc6f.png,71,Im2687,342,228,451,300,0.0,embedded,
K-258,300,450,p071_005_K-258_aa130fd7.png,71,Im2689,342,228,451,300,0.0,embedded,
K-259,300,450,p071_006_K-259_1f953729.png,71,Im2691,342,228,451,300,0.0,embedded,
1847-D,300,450,p071_007_1847-D_a027a668.png,71,Im2693,342,228,451,300,0.0,embedded,
K-361,300,450,p071_008_K-361_f931707d.png,71,Im2695,342,228,451,300,0.0,embedded,
K-362,300,450,p071_009_K-362_e1b7e7ad.png,71,Im2697,342,228,451,300,0.0,embedded,
2634-L,300,450,p071_010_2634-L_647bc24a.png,71,Im2700,342,228,451,300,0.0,embedded,
K-517,300,450,p071_011_K-517_4501ff50.png,71,Im2702,342,228,451,300,0.0,embedded,
K-518,300,450,p071_012_K-518_7a40ed60.png,71,Im2704,342,228,451,300,0.0,embedded,
2645-L,300,450,p071_013_2645-L_fc4c8324.png,71,Im2706,342,228,451,300,0.0,embedded,
K-541,300,450,p071_014_K-541_c8acc1c2.png,71,Im2708,342,228,451,300,0.0,embedded,
K-542,300,450,p071_015_K-542_625d7e71.png,71,Im2710,342,228,451,300,0.0,embedded,
BANANA CEMENTO,300,450,p072_001_BANANA_CEMENTO_b7117273.png,72,Im2720,342,228,451,300,0.0,embedded,
ARIZONA ORO,300,450,p072_002_ARIZONA_ORO_ca695fd1.png,72,Im2722,342,228,451,300,0.0,embedded,
EDGE BRIZO,300,450,p072_003_EDGE_BRIZO_7d0350f6.png,72,Im2724,342,228,451,300,0.0,embedded,
MARBLE NATURAL,300,450,p072_004_MARBLE_NATURAL_e83823d8.png,72,Im2726,342,228,451,300,0.0,embedded,
LITHOS AMAZONE,300,450,p072_005_LITHOS_AMAZONE_7cb48b7a.png,72,Im2728,342,229,451,302,0.633,embedded,
MAJESTIC ORO,300,450,p072_006_MAJESTIC_ORO_7b0304d1.png,72,Im2730,342,228,451,300,0.0,embedded,
TRICON GREY,300,450,p072_007_TRICON_GREY_b69a07fa.png,72,Im2732,342,228,451,300,0.0,embedded,
TROPICAL CREMA,300,450,p072_008_TROPICAL_CREMA_54cc666d.png,72,Im2734,342,229,451,302,0.633,embedded,
TROPICAL AMAZONE,300,450,p072_009_TROPICAL_AMAZONE_945e1b5e.png,72,Im2736,342,229,451,302,0.633,embedded,
CAST GREY,300,450,p072_010_CAST_GREY_4577f0fe.png,72,Im2738,342,228,451,300,0.0,embedded,
2904,300,450,p073_001_2904_19745dfe.png,73,Im2746,342,228,451,300,0.0,embedded,
2307,300,450,p073_002_2307_dc74e1c3.png,73,Im2748,342,228,451,300,0.0,embedded,
6001,300,450,p073_003_6001_2c29ce40.png,73,Im2750,342,228,451,300,0.0,embedded,
MATRIX-01,300,450,p073_004_MATRIX-01_f5c8c048.png,73,Im2752,342,228,451,300,0.0,embedded,
ASTER-06,300,450,p073_005_ASTER-06_ca1835f9.png,73,Im2754,342,228,451,300,0.0,embedded,
LEAF-08,300,450,p073_006_LEAF-08_ef25fad2.png,73,Im2756,342,228,451,300,0.0,embedded,
ROYAL-14,300,450,p073_007_ROYAL-14_f562c3a1.png,73,Im2758,342,228,451,300,0.0,embedded,
RAJWADI-10,300,450,p073_008_RAJWADI-10_459aab2f.png,73,Im2760,342,228,451,300,0.0,embedded,
ROYAL-25,300,450,p073_009_ROYAL-25_308e5ad1.png,73,Im2762,342,228,451,300,0.0,embedded,
5158,500,500,p074_001_5158_5b9657b0.png,74,Im2776,342,342,500,500,0.0,embedded,
BURBERRY-1007,500,500,p074_002_BURBERRY-1007_b14c1452.png,74,Im2784,342,342,500,500,0.0,embedded,
BURBERRY-1021,500,500,p074_003_BURBERRY-1021_1dd5b147.png,74,Im2792,342,342,500,500,0.0,embedded,
LEXITON-1008,500,500,p074_004_LEXITON-1008_c79ccd90.png,74,Im2800,342,342,500,500,0.0,embedded,
MONTANA-1004,500,500,p074_005_MONTANA-1004_36bb5bc8.png,74,Im2808,342,342,500,500,0.0,embedded,
SANDAL-1004,500,500,p074_006_SANDAL-1004_d376f4c5.png,74,Im2816,342,342,500,500,0.0,embedded,
SANDAL-1012,500,500,p074_007_SANDAL-1012_965315fb.png,74,Im2824,342,342,500,500,0.0,embedded,
SILVENTA-1001,500,500,p074_008_SILVENTA-1001_03711651.png,74,Im2832,342,342,500,500,0.0,embedded,
WALNUT-1004,500,500,p075_001_WALNUT-1004_5008927f.png,75,Im2845,342,342,500,500,0.0,embedded,
SANDAL-1009,500,500,p075_002_SANDAL-1009_f2436b0f.png,75,Im2854,342,342,500,500,0.0,embedded,
URBAN-1009-HL-1,500,500,p075_003_URBAN-1009-HL-1_2d832acf.png,75,Im2862,342,342,500,500,0.0,embedded,
5475,400,400,p076_001_5475_7ae953bc.png,76,Im2876,299,299,400,400,0.0,embedded,
5335,400,400,p076_002_5335_46eeb66b.png,76,Im2884,299,299,400,400,0.0,embedded,
58101,400,400,p076_003_58101_c5a9593f.png,76,Im2892,299,299,400,400,0.0,embedded,
7805,400,400,p076_004_7805_9c240c72.png,76,Im2900,299,299,400,400,0.0,embedded,
8771,400,400,p076_005_8771_745b0e54.png,76,Im2909,299,299,400,400,0.0,embedded,
9709,400,400,p076_006_9709_75ad5ecf.png,76,Im2917,299,299,400,400,0.0,embedded,
6725,400,400,p077_001_6725_0db7969b.png,77,Im2930,299,299,400,400,0.0,embedded,
6821,400,400,p077_002_6821_0c282259.png,77,Im2938,299,299,400,400,0.0,embedded,
8649,400,400,p077_003_8649_34e5835b.png,77,Im2946,299,299,400,400,0.0,embedded,
8650,400,400,p077_004_8650_6fa271d1.png,77,Im2954,299,299,400,400,0.0,embedded,
6614-D,400,400,p077_005_6614-D_cd696336.png,77,Im2962,299,299,400,400,0.0,embedded,
6614-L,400,400,p077_006_6614-L_412afc7f.png,77,Im2970,299,299,400,400,0.0,embedded,
5216-L,400,400,p078_001_5216-L_f37f3ef9.png,78,Im2984,298,299,400,402,0.526,embedded,
5258-HL-2,400,400,p078_002_5258-HL-2_4430a703.png,78,Im2992,298,299,400,402,0.526,embedded,
5536,400,400,p078_003_5536_773306e7.png,78,Im3000,298,299,400,402,0.526,embedded,
5216-D,400,400,p078_004_5216-D_a0fb6f94.png,78,Im3008,298,299,400,402,0.526,embedded,
6625-L,400,400,p078_005_6625-L_771adf55.png,78,Im3016,299,299,400,400,0.0,embedded,
6625-D,400,400,p078_006_6625-D_4c194df0.png,78,Im3024,299,299,400,400,0.0,embedded,
5551-L,400,400,p079_001_5551-L_ed90e613.png,79,Im3038,298,299,400,402,0.526,embedded,
5565,400,400,p079_002_5565_25cc3474.png,79,Im3046,298,299,400,402,0.526,embedded,
5618,400,400,p079_003_5618_93870017.png,79,Im3054,298,299,400,402,0.526,embedded,
5551-D,400,400,p079_004_5551-D_efa65cd9.png,79,Im3062,298,299,400,402,0.526,embedded,
5419,400,400,p079_005_5419_b4ce5412.png,79,Im3071,298,299,400,402,0.526,embedded,
5462,400,400,p079_006_5462_de32317b.png,79,Im3079,298,299,400,402,0.526,embedded,
5848-L,400,400,p080_001_5848-L_57932ce8.png,80,Im3092,298,299,400,402,0.526,embedded,
8562,400,400,p080_002_8562_01bf28c2.png,80,Im3100,298,299,400,402,0.526,embedded,
5848-D,400,400,p080_003_5848-D_93194743.png,80,Im3108,298,299,400,402,0.526,embedded,
7801,400,400,p080_004_7801_a48981d1.png,80,Im3117,298,299,400,402,0.526,embedded,
8731,400,400,p080_005_8731_10b94d3f.png,80,Im3125,298,299,400,402,0.526,embedded,
5620,400,400,p081_001_5620_fe345444.png,81,Im3139,298,299,400,402,0.526,embedded,
5874,400,400,p081_002_5874_8c92ebbf.png,81,Im3147,298,299,400,402,0.526,embedded,
5505,400,400,p081_003_5505_be6f0f39.png,81,Im3155,299,299,400,400,0.0,embedded,
5117,400,400,p081_004_5117_c6a8c807.png,81,Im3163,299,299,400,400,0.0,embedded,
5212-HL-3,400,400,p081_005_5212-HL-3_a37cf537.png,81,Im3171,299,299,400,400,0.0,embedded,
5511,400,400,p081_006_5511_4f3a03b2.png,81,Im3179,299,299,400,400,0.0,embedded,
5547,400,400,p082_001_5547_d1304d63.png,82,Im3196,299,299,400,400,0.0,embedded,
5712,400,400,p082_002_5712_92d8f4ff.png,82,Im3204,299,299,400,400,0.0,embedded,
5903,400,400,p082_003_5903_e1ec2053.png,82,Im3212,299,299,400,400,0.0,embedded,
5703,400,400,p082_004_5703_806adc22.png,82,Im3220,299,299,400,400,0.0,embedded,
6127,400,400,p082_005_6127_ca439616.png,82,Im3225,299,299,400,400,0.0,embedded,
5613,400,400,p082_006_5613_d87f89ac.png,82,Im3233,299,299,400,400,0.0,embedded,
4509-STEP,300,300,p083_001_4509-STEP_ec3d9a4e.png,83,Im3242,267,267,300,300,0.0,embedded,
1532,300,300,p083_002_1532_d4e3d3f2.png,83,Im3250,267,267,300,300,0.0,embedded,
4378,300,300,p083_003_4378_9a18e288.png,83,Im3258,267,267,300,300,0.0,embedded,
4514-RISER,300,300,p083_004_4514-RISER_a9f3f1a9.png,83,Im3266,267,267,300,300,0.0,embedded,
4515-STEP,300,300,p083_005_4515-STEP_81a0b822.png,83,Im3274,267,267,300,300,0.0,embedded,
4508-RISER,300,300,p083_006_4508-RISER_55343b0c.png,83,Im3282,267,267,300,300,0.0,embedded,
5415-RISER,300,300,p083_007_5415-RISER_9d655250.png,83,Im3290,267,267,300,300,0.0,embedded,
5416-STEP,300,300,p083_008_5416-STEP_00d6adf4.png,83,Im3298,267,267,300,300,0.0,embedded,
5512,300,300,p084_001_5512_d3740ad5.png,84,Im3312,267,267,300,300,0.0,embedded,
4885,300,300,p084_002_4885_19bbd6d9.png,84,Im3320,267,267,300,300,0.0,embedded,
5609,300,300,p084_003_5609_afb77030.png,84,Im3328,267,267,300,300,0.0,embedded,
5589,300,300,p084_004_5589_bd1e193b.png,84,Im3336,267,267,300,300,0.0,embedded,
4735,300,300,p084_005_4735_c325ce3a.png,84,Im3344,267,267,300,300,0.0,embedded,
T-1075,300,300,p084_006_T-1075_f76fd33c.png,84,Im3352,267,267,300,300,0.0,embedded,
CHEKAR IVORY,300,300,p085_001_CHEKAR_IVORY_d7f3acd4.png,85,Im3367,267,267,300,300,0.0,embedded,
CHEKAR TERACOTTA,300,300,p085_002_CHEKAR_TERACOTTA_e59ff036.png,85,Im3369,267,267,300,300,0.0,embedded,
MAGIC IVORY,300,300,p085_003_MAGIC_IVORY_12dfa45f.png,85,Im3371,267,267,300,300,0.0,embedded,
MAGIC TERACOTTA,300,300,p085_004_MAGIC_TERACOTTA_2819ecee.png,85,Im3373,267,267,300,300,0.0,embedded,
STONE IVORY,300,300,p085_005_STONE_IVORY_279a5fbf.png,85,Im3375,267,267,300,300,0.0,embedded,
STONE TERACOTTA,300,300,p085_006_STONE_TERACOTTA_9adba836.png,85,Im3377,267,267,300,300,0.0,embedded,
SUZEL TERACOTTA,300,300,p085_007_SUZEL_TERACOTTA_8531396b.png,85,Im3379,267,267,300,300,0.0,embedded,
SUZEL IVORY,300,300,p085_008_SUZEL_IVORY_23924c74.png,85,Im3381,267,267,300,300,0.0,embedded,
UNIQUE TERACOTTA,300,300,p085_009_UNIQUE_TERACOTTA_e007a991.png,85,Im3383,267,267,300,300,0.0,embedded,
UNIQUE IVORY,300,300,p085_010_UNIQUE_IVORY_66e69960.png,85,Im3385,267,267,300,300,0.0,embedded,
CUBE WHITE,300,300,p085_011_CUBE_WHITE_bba23608.png,85,Im3389,267,267,300,300,0.0,embedded-indexed,
HEXA WHITE,300,300,p085_012_HEXA_WHITE_0a6f45f5.png,85,Im3392,267,267,300,300,0.0,embedded-indexed,
HEXA-03,300,300,p085_013_HEXA-03_f0cf6767.png,85,Im3394,267,267,300,300,0.0,embedded,
HEXA-14,300,300,p085_014_HEXA-14_d51502fd.png,85,Im3396,267,267,300,300,0.0,embedded,
HEXA-20,300,300,p085_015_HEXA-20_1ebf318f.png,85,Im3398,267,267,300,300,0.0,embedded,
LEAF-01,300,300,p085_016_LEAF-01_21352537.png,85,Im3400,267,267,300,300,0.0,embedded,
MATT SG,300,300,p085_017_MATT_SG_78c67294.png,85,Im3403,267,267,300,300,0.0,embedded-indexed,
LEAF-04,300,300,p085_018_LEAF-04_5149173f.png,85,Im3405,267,267,300,300,0.0,embedded,
PLAIN WHITE,300,300,p085_019_PLAIN_WHITE_c21da705.png,85,Im3408,267,267,300,300,0.0,embedded-indexed,
CAPSULE TERACOTTA,300,300,p085_020_CAPSULE_TERACOTTA_8d519f23.png,85,Im3411,267,267,300,300,0.0,embedded,
CAPSULE IVORY,300,300,p085_021_CAPSULE_IVORY_c466d8e9.png,85,Im3412,267,267,300,300,0.0,embedded,
22-S,300,1200,p086_001_22-S_d9c28146.png,86,Im3425,1115,279,1200,301,0.18,embedded,
22-R,200,1200,p086_002_22-R_c3accf81.png,86,Im3427,1115,186,1200,201,0.179,embedded,
B-09-S,300,1200,p086_003_B-09-S_b82e9266.png,86,Im3429,1115,279,1200,301,0.156,embedded,
B-09-R,200,1200,p086_004_B-09-R_71416854.png,86,Im3431,1115,186,1200,201,0.156,embedded,
MARBELLA WHITE-S,300,1200,p086_005_MARBELLA_WHITE-S_b3555a63.png,86,Im3433,1115,279,1200,301,0.163,embedded,
MARBELLA WHITE-R,200,1200,p086_006_MARBELLA_WHITE-R_bd509059.png,86,Im3435,1115,187,1200,202,0.697,embedded,
RS-07-R,200,1200,p086_007_RS-07-R_7135bc18.png,86,Im3437,1115,186,1200,201,0.082,embedded,
RS-07-S,300,1200,p086_008_RS-07-S_43bba1b3.png,86,Im3439,1115,279,1200,301,0.082,embedded,
RS-1003-S,300,1000,p087_001_RS-1003-S_fb1ccf9e.png,87,Im3447,987,280,1058,300,5.633,embedded,
RS-1003-R,200,1000,p087_002_RS-1003-R_94ebb3f4.png,87,Im3449,987,186,1062,200,6.012,embedded,
RS-1004-S,300,1000,p087_003_RS-1004-S_14b2c9e3.png,87,Im3451,987,280,1058,300,5.633,embedded,
RS-1004-R,200,1000,p087_004_RS-1004-R_e8c2e493.png,87,Im3453,987,186,1062,200,6.012,embedded,
RS-1060 -S,300,1000,p087_005_RS-1060_-S_79147f8b.png,87,Im3455,987,279,1062,300,6.012,embedded,
RS-1060-R,200,1000,p087_006_RS-1060-R_823ad8ec.png,87,Im3457,987,186,1062,200,6.012,embedded,
RS-07-S,300,900,p088_001_RS-07-S_1df24abf.png,88,Im3465,942,279,1013,300,12.534,embedded,aspect differs from dimensions by 12.5%
RS-07-R,200,900,p088_002_RS-07-R_ad7ba498.png,88,Im3467,942,186,1013,200,12.534,embedded,aspect differs from dimensions by 12.5%
RS-13-S,300,900,p088_003_RS-13-S_119896ac.png,88,Im3469,942,279,1013,300,12.534,embedded,aspect differs from dimensions by 12.5%
RS-13-R,200,900,p088_004_RS-13-R_703838e1.png,88,Im3471,942,186,1013,200,12.534,embedded,aspect differs from dimensions by 12.5%
WOODEN TEAK-S,300,900,p088_005_WOODEN_TEAK-S_9367a7da.png,88,Im3473,942,279,1013,300,12.534,embedded,aspect differs from dimensions by 12.5%
WOODEN TEAK-R,200,900,p088_006_WOODEN_TEAK-R_ac53edf9.png,88,Im3475,942,186,1013,200,12.534,embedded,aspect differs from dimensions by 12.5%
